247104713689865240441688624138203612790;"Starter Deck 4: Animal Kingdom Pirates";"st04";"Black Maria";ST04-011;C;http://tcgplayer.com/product/288293/one-piece-card-game-starter-deck-4-animal-kingdom-pirates-black-maria?xid=pi5639f7af-c007-4bb6-8ea2-493a474fb449&page=1;None
54921371780805544992245067662875371131;"Starter Deck 4: Animal Kingdom Pirates";"st04";"King";ST04-004;SR;http://tcgplayer.com/product/288276/one-piece-card-game-starter-deck-4-animal-kingdom-pirates-king?xid=pi5639f7af-c007-4bb6-8ea2-493a474fb449&page=1;None
121125852176872979337066819421853494156;"Starter Deck 4: Animal Kingdom Pirates";"st04";"Kaido";ST04-003;SR;http://tcgplayer.com/product/288274/one-piece-card-game-starter-deck-4-animal-kingdom-pirates-kaido-003?xid=pi5639f7af-c007-4bb6-8ea2-493a474fb449&page=1;None
151788041143627879808904594047051217266;"Starter Deck 4: Animal Kingdom Pirates";"st04";"Queen";ST04-005;C;http://tcgplayer.com/product/288278/one-piece-card-game-starter-deck-4-animal-kingdom-pirates-queen?xid=pi5639f7af-c007-4bb6-8ea2-493a474fb449&page=1;None
236961033748488368184431828658354656595;"Starter Deck 4: Animal Kingdom Pirates";"st04";"Blast Breath";ST04-016;C;http://tcgplayer.com/product/288298/one-piece-card-game-starter-deck-4-animal-kingdom-pirates-blast-breath?xid=pi5639f7af-c007-4bb6-8ea2-493a474fb449&page=1;None
85424549758886481228729736568955983329;"Starter Deck 4: Animal Kingdom Pirates";"st04";"Who's.Who";ST04-010;C;http://tcgplayer.com/product/288292/one-piece-card-game-starter-deck-4-animal-kingdom-pirates-whoswho?xid=pi5639f7af-c007-4bb6-8ea2-493a474fb449&page=1;None
160251671983524023180271375887662643097;"Starter Deck 4: Animal Kingdom Pirates";"st04";"Onigashima Island";ST04-017;C;http://tcgplayer.com/product/288299/one-piece-card-game-starter-deck-4-animal-kingdom-pirates-onigashima-island?xid=pi5639f7af-c007-4bb6-8ea2-493a474fb449&page=1;None
328531958625635695450191895115968919057;"Starter Deck 4: Animal Kingdom Pirates";"st04";"Ulti";ST04-002;C;http://tcgplayer.com/product/288271/one-piece-card-game-starter-deck-4-animal-kingdom-pirates-ulti?xid=pi5639f7af-c007-4bb6-8ea2-493a474fb449&page=1;None
322143331453913623136463742913563064461;"Starter Deck 4: Animal Kingdom Pirates";"st04";"Jack";ST04-008;C;http://tcgplayer.com/product/288285/one-piece-card-game-starter-deck-4-animal-kingdom-pirates-jack?xid=pi5639f7af-c007-4bb6-8ea2-493a474fb449&page=1;None
273035240791426146090688075486340811286;"Starter Deck 4: Animal Kingdom Pirates";"st04";"Brachio Bomber";ST04-015;C;http://tcgplayer.com/product/288297/one-piece-card-game-starter-deck-4-animal-kingdom-pirates-brachio-bomber?xid=pi5639f7af-c007-4bb6-8ea2-493a474fb449&page=1;None
51318252959774249865268206862113659969;"Starter Deck 4: Animal Kingdom Pirates";"st04";"Kaido";ST04-001;L;http://tcgplayer.com/product/288269/one-piece-card-game-starter-deck-4-animal-kingdom-pirates-kaido-001?xid=pi5639f7af-c007-4bb6-8ea2-493a474fb449&page=1;None
67902065012446855721989373485030205479;"Starter Deck 4: Animal Kingdom Pirates";"st04";"Lead Performer ""Disaster""";ST04-014;C;http://tcgplayer.com/product/288296/one-piece-card-game-starter-deck-4-animal-kingdom-pirates-lead-performer-disaster?xid=pi5639f7af-c007-4bb6-8ea2-493a474fb449&page=1;None
266774942303460777276894362105101768653;"Starter Deck 4: Animal Kingdom Pirates";"st04";"Sasaki";ST04-006;C;http://tcgplayer.com/product/288281/one-piece-card-game-starter-deck-4-animal-kingdom-pirates-sasaki?xid=pi5639f7af-c007-4bb6-8ea2-493a474fb449&page=1;None
134038081480465744157334325504005484157;"Starter Deck 4: Animal Kingdom Pirates";"st04";"X.Drake";ST04-013;C;http://tcgplayer.com/product/288295/one-piece-card-game-starter-deck-4-animal-kingdom-pirates-xdrake?xid=pi5639f7af-c007-4bb6-8ea2-493a474fb449&page=1;None
200044445195410576111101468856578222025;"Starter Deck 4: Animal Kingdom Pirates";"st04";"Page One";ST04-012;C;http://tcgplayer.com/product/288294/one-piece-card-game-starter-deck-4-animal-kingdom-pirates-page-one?xid=pi5639f7af-c007-4bb6-8ea2-493a474fb449&page=1;None
2155521644198356354745883630436874038;"Starter Deck 4: Animal Kingdom Pirates";"st04";"Sheepshead";ST04-007;C;http://tcgplayer.com/product/288283/one-piece-card-game-starter-deck-4-animal-kingdom-pirates-sheepshead?xid=pi5639f7af-c007-4bb6-8ea2-493a474fb449&page=1;None
78070131924441563432407574366641161656;"Starter Deck 4: Animal Kingdom Pirates";"st04";"Ginrummy";ST04-009;C;http://tcgplayer.com/product/288287/one-piece-card-game-starter-deck-4-animal-kingdom-pirates-ginrummy?xid=pi5639f7af-c007-4bb6-8ea2-493a474fb449&page=1;None
