14419975780466711895258882711748604394;"Skyridge";"sk";"Oracle";138;Uncommon;http://tcgplayer.com/product/87887/pokemon-skyridge-oracle?xid=pi7ed89865-39b6-405c-91df-c3888f36e87f&page=1;None
251804440458120241293533457053286413585;"Skyridge";"sk";"Eevee";54;Common;http://tcgplayer.com/product/85077/pokemon-skyridge-eevee?xid=pi7ed89865-39b6-405c-91df-c3888f36e87f&page=1;None
197792919306912284413842201461250854135;"Skyridge";"sk";"Growlithe";62;Common;http://tcgplayer.com/product/85950/pokemon-skyridge-growlithe?xid=pi7ed89865-39b6-405c-91df-c3888f36e87f&page=1;None
147255018676400212314971347731249987746;"Skyridge";"sk";"Poliwag";87;Common;http://tcgplayer.com/product/88255/pokemon-skyridge-poliwag?xid=pi7ed89865-39b6-405c-91df-c3888f36e87f&page=1;None
202269079895010766241478352513004901512;"Skyridge";"sk";"Wobbuffet";45;Uncommon;http://tcgplayer.com/product/90615/pokemon-skyridge-wobbuffet?xid=pi7ed89865-39b6-405c-91df-c3888f36e87f&page=1;None
14890150447648100992071662787013672643;"Skyridge";"sk";"Mantine";77;Common;http://tcgplayer.com/product/87181/pokemon-skyridge-mantine?xid=pi7ed89865-39b6-405c-91df-c3888f36e87f&page=1;None
310634437746404612081492987964250902403;"Skyridge";"sk";"Rattata";90;Common;http://tcgplayer.com/product/88613/pokemon-skyridge-rattata?xid=pi7ed89865-39b6-405c-91df-c3888f36e87f&page=1;None
227271832209298305455997389885449392751;"Skyridge";"sk";"Houndoom";12;Rare;http://tcgplayer.com/product/86201/pokemon-skyridge-houndoom?xid=pi7ed89865-39b6-405c-91df-c3888f36e87f&page=1;None
288887415529036295590940740053755125815;"Skyridge";"sk";"Fast Ball";124;Uncommon;http://tcgplayer.com/product/85391/pokemon-skyridge-fast-ball?xid=pi7ed89865-39b6-405c-91df-c3888f36e87f&page=1;None
18216816829387747997657942301439922114;"Skyridge";"sk";"Machoke";38;Uncommon;http://tcgplayer.com/product/86975/pokemon-skyridge-machoke?xid=pi7ed89865-39b6-405c-91df-c3888f36e87f&page=1;None
227076139567478023792108720479442594070;"Skyridge";"sk";"Ditto";51;Common;http://tcgplayer.com/product/84830/pokemon-skyridge-ditto?xid=pi7ed89865-39b6-405c-91df-c3888f36e87f&page=1;None
175988700835665438367711487325788177053;"Skyridge";"sk";"Jolteon";13;Rare;http://tcgplayer.com/product/86338/pokemon-skyridge-jolteon?xid=pi7ed89865-39b6-405c-91df-c3888f36e87f&page=1;None
143717943571288979896850256706526491551;"Skyridge";"sk";"Teddiursa";109;Common;http://tcgplayer.com/product/89856/pokemon-skyridge-teddiursa?xid=pi7ed89865-39b6-405c-91df-c3888f36e87f&page=1;None
2017509394273073559721519643383483656;"Skyridge";"sk";"Voltorb";113;Common;http://tcgplayer.com/product/90411/pokemon-skyridge-voltorb?xid=pi7ed89865-39b6-405c-91df-c3888f36e87f&page=1;None
306447070486743434214512636583769432689;"Skyridge";"sk";"Machop";74;Common;http://tcgplayer.com/product/86989/pokemon-skyridge-machop?xid=pi7ed89865-39b6-405c-91df-c3888f36e87f&page=1;None
336773794777235456573559681305810924585;"Skyridge";"sk";"Gyarados";11;Rare;http://tcgplayer.com/product/85988/pokemon-skyridge-gyarados?xid=pi7ed89865-39b6-405c-91df-c3888f36e87f&page=1;None
226420662097167735367383819412627546861;"Skyridge";"sk";"Sandshrew";92;Common;http://tcgplayer.com/product/88921/pokemon-skyridge-sandshrew?xid=pi7ed89865-39b6-405c-91df-c3888f36e87f&page=1;None
299966729967207402916971039538371512900;"Skyridge";"sk";"Xatu";35;Rare;http://tcgplayer.com/product/90659/pokemon-skyridge-xatu?xid=pi7ed89865-39b6-405c-91df-c3888f36e87f&page=1;None
247192094286823334775598398385582814273;"Skyridge";"sk";"Bounce Energy";142;Uncommon;http://tcgplayer.com/product/83947/pokemon-skyridge-bounce-energy?xid=pi7ed89865-39b6-405c-91df-c3888f36e87f&page=1;None
274487137151764249321252225387937248685;"Skyridge";"sk";"Moltres";21;Rare;http://tcgplayer.com/product/87558/pokemon-skyridge-moltres?xid=pi7ed89865-39b6-405c-91df-c3888f36e87f&page=1;None
192760733157807958256872836966265366121;"Skyridge";"sk";"Flareon";8;Rare;http://tcgplayer.com/product/85491/pokemon-skyridge-flareon?xid=pi7ed89865-39b6-405c-91df-c3888f36e87f&page=1;None
29018675445652452553821770386588227332;"Skyridge";"sk";"Diglett";50;Common;http://tcgplayer.com/product/84818/pokemon-skyridge-diglett?xid=pi7ed89865-39b6-405c-91df-c3888f36e87f&page=1;None
281127928631939176892694624961780693450;"Skyridge";"sk";"Steelix";31;Rare;http://tcgplayer.com/product/89559/pokemon-skyridge-steelix?xid=pi7ed89865-39b6-405c-91df-c3888f36e87f&page=1;None
93080011780303222281672553154522519517;"Skyridge";"sk";"Articuno";4;Rare;http://tcgplayer.com/product/83645/pokemon-skyridge-articuno?xid=pi7ed89865-39b6-405c-91df-c3888f36e87f&page=1;None
139395982863539887182115620987438653461;"Skyridge";"sk";"Haunter";63;Common;http://tcgplayer.com/product/86023/pokemon-skyridge-haunter?xid=pi5c4ef1e4-d351-4185-a6be-63760acce093&page=1;None
261193150459010337763613916024608939204;"Skyridge";"sk";"Miracle Sphere Gamma";131;Uncommon;http://tcgplayer.com/product/87499/pokemon-skyridge-miracle-sphere-gamma?xid=pi5c4ef1e4-d351-4185-a6be-63760acce093&page=1;None
274404341451644246405849032855654294639;"Skyridge";"sk";"Lure Ball";128;Uncommon;http://tcgplayer.com/product/86931/pokemon-skyridge-lure-ball?xid=pi5c4ef1e4-d351-4185-a6be-63760acce093&page=1;None
173391904623380808241639309099320002528;"Skyridge";"sk";"Pikachu";84;Common;http://tcgplayer.com/product/88074/pokemon-skyridge-pikachu?xid=pi5c4ef1e4-d351-4185-a6be-63760acce093&page=1;None
218520116178181891972125779884907532394;"Skyridge";"sk";"Sunkern";106;Common;http://tcgplayer.com/product/89619/pokemon-skyridge-sunkern?xid=pi5c4ef1e4-d351-4185-a6be-63760acce093&page=1;None
116075840143456018111819951471034481850;"Skyridge";"sk";"Vaporeon";33;Rare;http://tcgplayer.com/product/90281/pokemon-skyridge-vaporeon?xid=pi5c4ef1e4-d351-4185-a6be-63760acce093&page=1;None
209089555125918493284127325090633620302;"Skyridge";"sk";"Desert Shaman";123;Uncommon;http://tcgplayer.com/product/84782/pokemon-skyridge-desert-shaman?xid=pi5c4ef1e4-d351-4185-a6be-63760acce093&page=1;None
96329329162750615220987759530126626585;"Skyridge";"sk";"Yanma";116;Common;http://tcgplayer.com/product/90682/pokemon-skyridge-yanma?xid=pi5c4ef1e4-d351-4185-a6be-63760acce093&page=1;None
279638184175163670504776850717979196428;"Skyridge";"sk";"Kabutops (150)";150;Secret Rare;http://tcgplayer.com/product/86396/pokemon-skyridge-kabutops-150?xid=pi5c4ef1e4-d351-4185-a6be-63760acce093&page=1;None
326917335640654463295650733384124616226;"Skyridge";"sk";"Magikarp";75;Common;http://tcgplayer.com/product/87023/pokemon-skyridge-magikarp?xid=pi5c4ef1e4-d351-4185-a6be-63760acce093&page=1;None
318577825122453338380946400046092154357;"Skyridge";"sk";"Delibird";49;Common;http://tcgplayer.com/product/84746/pokemon-skyridge-delibird?xid=pi5c4ef1e4-d351-4185-a6be-63760acce093&page=1;None
28648981872561793782189346722851736453;"Skyridge";"sk";"Machamp";16;Rare;http://tcgplayer.com/product/86959/pokemon-skyridge-machamp?xid=pi5c4ef1e4-d351-4185-a6be-63760acce093&page=1;None
300885072267220275316071381205382326883;"Skyridge";"sk";"Natu";80;Common;http://tcgplayer.com/product/87683/pokemon-skyridge-natu?xid=pi5c4ef1e4-d351-4185-a6be-63760acce093&page=1;None
132101474219925886569175036518179331291;"Skyridge";"sk";"Arcanine";3;Rare;http://tcgplayer.com/product/83577/pokemon-skyridge-arcanine?xid=pi5c4ef1e4-d351-4185-a6be-63760acce093&page=1;None
204248068079229148215219631267951707863;"Skyridge";"sk";"Snubbull";101;Common;http://tcgplayer.com/product/89413/pokemon-skyridge-snubbull?xid=pi5c4ef1e4-d351-4185-a6be-63760acce093&page=1;None
69674669339642688733583316541107510052;"Skyridge";"sk";"Granbull";61;Common;http://tcgplayer.com/product/85862/pokemon-skyridge-granbull?xid=pi5c4ef1e4-d351-4185-a6be-63760acce093&page=1;None
10954925584178133897006895209870060966;"Skyridge";"sk";"Fisherman";125;Uncommon;http://tcgplayer.com/product/85471/pokemon-skyridge-fisherman?xid=pi5c4ef1e4-d351-4185-a6be-63760acce093&page=1;None
112759569006007036481953230937838511120;"Skyridge";"sk";"Sunflora";105;Common;http://tcgplayer.com/product/89613/pokemon-skyridge-sunflora?xid=pi5c4ef1e4-d351-4185-a6be-63760acce093&page=1;None
287623745458258364701829454803252250106;"Skyridge";"sk";"Omanyte";41;Uncommon;http://tcgplayer.com/product/87853/pokemon-skyridge-omanyte?xid=pi5c4ef1e4-d351-4185-a6be-63760acce093&page=1;None
17281099383940082787848715482281194378;"Skyridge";"sk";"Poliwhirl";88;Common;http://tcgplayer.com/product/88263/pokemon-skyridge-poliwhirl?xid=pi5c4ef1e4-d351-4185-a6be-63760acce093&page=1;None
258645961278711560703015522425648231959;"Skyridge";"sk";"Snorlax";100;Common;http://tcgplayer.com/product/89387/pokemon-skyridge-snorlax?xid=pi5c4ef1e4-d351-4185-a6be-63760acce093&page=1;None
105703833123871783960935677778342434377;"Skyridge";"sk";"Politoed (H23)";H23;Holo Rare;http://tcgplayer.com/product/88247/pokemon-skyridge-politoed-h23?xid=pi5c4ef1e4-d351-4185-a6be-63760acce093&page=1;None
19329268628288022103395231209206558713;"Skyridge";"sk";"Raticate";89;Common;http://tcgplayer.com/product/88602/pokemon-skyridge-raticate?xid=pi5c4ef1e4-d351-4185-a6be-63760acce093&page=1;None
49691245515577512996143366304039475821;"Skyridge";"sk";"Gastly";57;Common;http://tcgplayer.com/product/85646/pokemon-skyridge-gastly?xid=pi5c4ef1e4-d351-4185-a6be-63760acce093&page=1;None
123410232361280277255818120789524569205;"Skyridge";"sk";"Ursaring";110;Common;http://tcgplayer.com/product/90251/pokemon-skyridge-ursaring?xid=pic3e64c21-e78e-4c32-ae62-5cfc47a0f38c&page=1;None
59860565560259713398158144863890182479;"Skyridge";"sk";"Hoothoot";65;Common;http://tcgplayer.com/product/86170/pokemon-skyridge-hoothoot?xid=pic3e64c21-e78e-4c32-ae62-5cfc47a0f38c&page=1;None
125397898245206663261442474762332665940;"Skyridge";"sk";"Miracle Sphere Alpha";129;Uncommon;http://tcgplayer.com/product/87497/pokemon-skyridge-miracle-sphere-alpha?xid=pic3e64c21-e78e-4c32-ae62-5cfc47a0f38c&page=1;None
196445004944694874890961094757553053568;"Skyridge";"sk";"Umbreon";32;Rare;http://tcgplayer.com/product/90141/pokemon-skyridge-umbreon?xid=pic3e64c21-e78e-4c32-ae62-5cfc47a0f38c&page=1;None
125152796208506094308696084440910291100;"Skyridge";"sk";"Dunsparce";53;Common;http://tcgplayer.com/product/85006/pokemon-skyridge-dunsparce?xid=pic3e64c21-e78e-4c32-ae62-5cfc47a0f38c&page=1;None
7343986270478340581070201188688255663;"Skyridge";"sk";"Skarmory";97;Common;http://tcgplayer.com/product/89236/pokemon-skyridge-skarmory?xid=pic3e64c21-e78e-4c32-ae62-5cfc47a0f38c&page=1;None
91358994966341472859358191657889838271;"Skyridge";"sk";"Stantler";102;Common;http://tcgplayer.com/product/89502/pokemon-skyridge-stantler?xid=pic3e64c21-e78e-4c32-ae62-5cfc47a0f38c&page=1;None
287261116278878572269962170697759340798;"Skyridge";"sk";"Weedle (115)";115;Common;http://tcgplayer.com/product/90541/pokemon-skyridge-weedle-115?xid=pic3e64c21-e78e-4c32-ae62-5cfc47a0f38c&page=1;None
141797166409406258715992346018703989269;"Skyridge";"sk";"Houndour";66;Common;http://tcgplayer.com/product/86220/pokemon-skyridge-houndour?xid=pic3e64c21-e78e-4c32-ae62-5cfc47a0f38c&page=1;None
9778637754618217573586964202067174243;"Skyridge";"sk";"Abra";46;Common;http://tcgplayer.com/product/83444/pokemon-skyridge-abra?xid=pic3e64c21-e78e-4c32-ae62-5cfc47a0f38c&page=1;None
159603492568089973578792018201706458542;"Skyridge";"sk";"Nidorina";83;Common;http://tcgplayer.com/product/87734/pokemon-skyridge-nidorina?xid=pic3e64c21-e78e-4c32-ae62-5cfc47a0f38c&page=1;None
51836959629080417194580625645497626629;"Skyridge";"sk";"Poliwrath";26;Rare;http://tcgplayer.com/product/88273/pokemon-skyridge-poliwrath?xid=pic3e64c21-e78e-4c32-ae62-5cfc47a0f38c&page=1;None
277571621716561062170377636606770669613;"Skyridge";"sk";"Nidoran F (81)";81;Common;http://tcgplayer.com/product/87714/pokemon-skyridge-nidoran-f-81?xid=pic3e64c21-e78e-4c32-ae62-5cfc47a0f38c&page=1;None
198644977090895721429992758665114992034;"Skyridge";"sk";"Wigglytuff";34;Rare;http://tcgplayer.com/product/90595/pokemon-skyridge-wigglytuff?xid=pic3e64c21-e78e-4c32-ae62-5cfc47a0f38c&page=1;None
18353650235166762978492640973812707199;"Skyridge";"sk";"Jigglypuff";68;Common;http://tcgplayer.com/product/86313/pokemon-skyridge-jigglypuff?xid=pic3e64c21-e78e-4c32-ae62-5cfc47a0f38c&page=1;None
304715807260152528152206532964843247904;"Skyridge";"sk";"Dugtrio";52;Common;http://tcgplayer.com/product/84999/pokemon-skyridge-dugtrio?xid=pic3e64c21-e78e-4c32-ae62-5cfc47a0f38c&page=1;None
19946134514720098187084065536011260510;"Skyridge";"sk";"Miracle Sphere Beta";130;Uncommon;http://tcgplayer.com/product/87498/pokemon-skyridge-miracle-sphere-beta?xid=pic3e64c21-e78e-4c32-ae62-5cfc47a0f38c&page=1;None
133102949008198808375493407019529631370;"Skyridge";"sk";"Gengar (H9)";H9;Holo Rare;http://tcgplayer.com/product/85668/pokemon-skyridge-gengar-h9?xid=pic3e64c21-e78e-4c32-ae62-5cfc47a0f38c&page=1;None
38577912251922613359682424963166826335;"Skyridge";"sk";"Flareon (H7)";H7;Holo Rare;http://tcgplayer.com/product/85490/pokemon-skyridge-flareon-h7?xid=pic3e64c21-e78e-4c32-ae62-5cfc47a0f38c&page=1;None
56377550535581130773492801655393912969;"Skyridge";"sk";"Nidoran F (82)";82;Common;http://tcgplayer.com/product/87716/pokemon-skyridge-nidoran-f-82?xid=pic3e64c21-e78e-4c32-ae62-5cfc47a0f38c&page=1;None
88866445850011905729940298988340861582;"Skyridge";"sk";"Pineco (85)";85;Common;http://tcgplayer.com/product/88124/pokemon-skyridge-pineco-85?xid=pic3e64c21-e78e-4c32-ae62-5cfc47a0f38c&page=1;None
210620629745133856418024580961800303639;"Skyridge";"sk";"Hyper Potion";127;Uncommon;http://tcgplayer.com/product/86246/pokemon-skyridge-hyper-potion?xid=pic3e64c21-e78e-4c32-ae62-5cfc47a0f38c&page=1;None
328138559247587361584340370185187205412;"Skyridge";"sk";"Swinub (108)";108;Common;http://tcgplayer.com/product/89701/pokemon-skyridge-swinub-108?xid=pic3e64c21-e78e-4c32-ae62-5cfc47a0f38c&page=1;None
148922264390598569480479241669547341054;"Skyridge";"sk";"Crobat (147)";147;Secret Rare;http://tcgplayer.com/product/84485/pokemon-skyridge-crobat-147?xid=pic3e64c21-e78e-4c32-ae62-5cfc47a0f38c&page=1;None
325481956008002709370635442745733091734;"Skyridge";"sk";"Relic Hunter";120;Uncommon;http://tcgplayer.com/product/88683/pokemon-skyridge-relic-hunter?xid=pie134b680-fd49-4e81-b750-aaf4e9b0b25e&page=1;None
196867644224478061725000434220228524206;"Skyridge";"sk";"Misdreavus";39;Uncommon;http://tcgplayer.com/product/87502/pokemon-skyridge-misdreavus?xid=pie134b680-fd49-4e81-b750-aaf4e9b0b25e&page=1;None
315265289979296370768752701532551746999;"Skyridge";"sk";"Sandslash";93;Common;http://tcgplayer.com/product/88931/pokemon-skyridge-sandslash?xid=pie134b680-fd49-4e81-b750-aaf4e9b0b25e&page=1;None
209371448345722437128682583967025464899;"Skyridge";"sk";"Umbreon (H30)";H30;Holo Rare;http://tcgplayer.com/product/90140/pokemon-skyridge-umbreon-h30?xid=pie134b680-fd49-4e81-b750-aaf4e9b0b25e&page=1;None
130517873212034696080423582001324813243;"Skyridge";"sk";"Mystery Zone";137;Uncommon;http://tcgplayer.com/product/87674/pokemon-skyridge-mystery-zone?xid=pie134b680-fd49-4e81-b750-aaf4e9b0b25e&page=1;None
287540180463069886934886566338241997900;"Skyridge";"sk";"Piloswine (24)";24;Rare;http://tcgplayer.com/product/88113/pokemon-skyridge-piloswine-24?xid=pie134b680-fd49-4e81-b750-aaf4e9b0b25e&page=1;None
227868921830112319005626632193359259645;"Skyridge";"sk";"Heracross";64;Common;http://tcgplayer.com/product/86061/pokemon-skyridge-heracross?xid=pie134b680-fd49-4e81-b750-aaf4e9b0b25e&page=1;None
225442539337581006735241443548681406544;"Skyridge";"sk";"Slugma (98)";98;Common;http://tcgplayer.com/product/89338/pokemon-skyridge-slugma-98?xid=pie134b680-fd49-4e81-b750-aaf4e9b0b25e&page=1;None
185429999025536115351260394120291375383;"Skyridge";"sk";"Rhydon";29;Rare;http://tcgplayer.com/product/88729/pokemon-skyridge-rhydon?xid=pie134b680-fd49-4e81-b750-aaf4e9b0b25e&page=1;None
183988764336520035435235293924613814894;"Skyridge";"sk";"Kabuto";37;Uncommon;http://tcgplayer.com/product/86379/pokemon-skyridge-kabuto?xid=pie134b680-fd49-4e81-b750-aaf4e9b0b25e&page=1;None
86710489241663890866769743894668630657;"Skyridge";"sk";"Girafarig";58;Common;http://tcgplayer.com/product/85727/pokemon-skyridge-girafarig?xid=pie134b680-fd49-4e81-b750-aaf4e9b0b25e&page=1;None
71745781394314031096760914078400196933;"Skyridge";"sk";"Magcargo (H17)";H17;Holo Rare;http://tcgplayer.com/product/87010/pokemon-skyridge-magcargo-h17?xid=pie134b680-fd49-4e81-b750-aaf4e9b0b25e&page=1;None
151461827282014077319929059040902685892;"Skyridge";"sk";"Venonat";112;Common;http://tcgplayer.com/product/90306/pokemon-skyridge-venonat?xid=pie134b680-fd49-4e81-b750-aaf4e9b0b25e&page=1;None
93015212933683095076217666676341793841;"Skyridge";"sk";"Magnemite";76;Common;http://tcgplayer.com/product/87069/pokemon-skyridge-magnemite?xid=pie134b680-fd49-4e81-b750-aaf4e9b0b25e&page=1;None
157421909471562466371839667866062481427;"Skyridge";"sk";"Poliwrath (H24)";H24;Holo Rare;http://tcgplayer.com/product/88272/pokemon-skyridge-poliwrath-h24?xid=pie134b680-fd49-4e81-b750-aaf4e9b0b25e&page=1;None
254096811030817196547154106177628193398;"Skyridge";"sk";"Mystery Plate Gamma";135;Uncommon;http://tcgplayer.com/product/87673/pokemon-skyridge-mystery-plate-gamma?xid=pie134b680-fd49-4e81-b750-aaf4e9b0b25e&page=1;None
22228507766315150595674777814642509357;"Skyridge";"sk";"Mystery Plate Beta";134;Uncommon;http://tcgplayer.com/product/87671/pokemon-skyridge-mystery-plate-beta?xid=pie134b680-fd49-4e81-b750-aaf4e9b0b25e&page=1;None
161113569463628841872441355626066206626;"Skyridge";"sk";"Seel (94)";94;Common;http://tcgplayer.com/product/89050/pokemon-skyridge-seel-94?xid=pie134b680-fd49-4e81-b750-aaf4e9b0b25e&page=1;None
257681176096597714543208358586986049153;"Skyridge";"sk";"Ancient Ruins";119;Uncommon;http://tcgplayer.com/product/83552/pokemon-skyridge-ancient-ruins?xid=pie134b680-fd49-4e81-b750-aaf4e9b0b25e&page=1;None
201634974375911222764610611648913315408;"Skyridge";"sk";"Dewgong";7;Rare;http://tcgplayer.com/product/84786/pokemon-skyridge-dewgong?xid=pie134b680-fd49-4e81-b750-aaf4e9b0b25e&page=1;None
77854804498388574817753663094481237118;"Skyridge";"sk";"Apricorn Maker";121;Uncommon;http://tcgplayer.com/product/83564/pokemon-skyridge-apricorn-maker?xid=pie134b680-fd49-4e81-b750-aaf4e9b0b25e&page=1;None
27244133389847261099759713067408339028;"Skyridge";"sk";"Ledian";15;Rare;http://tcgplayer.com/product/86691/pokemon-skyridge-ledian?xid=pie134b680-fd49-4e81-b750-aaf4e9b0b25e&page=1;None
332537805472084331022264859149099860125;"Skyridge";"sk";"Murkrow";79;Common;http://tcgplayer.com/product/87649/pokemon-skyridge-murkrow?xid=pie134b680-fd49-4e81-b750-aaf4e9b0b25e&page=1;None
281908975646704099194553705262562365520;"Skyridge";"sk";"Beedrill";5;Rare;http://tcgplayer.com/product/83765/pokemon-skyridge-beedrill?xid=pie134b680-fd49-4e81-b750-aaf4e9b0b25e&page=1;None
250229530643963440340671379509140511266;"Skyridge";"sk";"Cleffa";48;Common;http://tcgplayer.com/product/84364/pokemon-skyridge-cleffa?xid=pi212fdaf0-cb2b-4168-b61e-486dc4599326&page=1;None
101725490575833573912793158916066610873;"Skyridge";"sk";"Golem";148;Secret Rare;http://tcgplayer.com/product/85825/pokemon-skyridge-golem?xid=pi212fdaf0-cb2b-4168-b61e-486dc4599326&page=1;None
234865417654675649245279754793278663279;"Skyridge";"sk";"Houndoom (H11)";H11;Holo Rare;http://tcgplayer.com/product/86200/pokemon-skyridge-houndoom-h11?xid=pi212fdaf0-cb2b-4168-b61e-486dc4599326&page=1;None
329135007694743370584072915330084204357;"Skyridge";"sk";"Ledyba (72)";72;Common;http://tcgplayer.com/product/86701/pokemon-skyridge-ledyba-72?xid=pi212fdaf0-cb2b-4168-b61e-486dc4599326&page=1;None
54137126849073123920562181994977601372;"Skyridge";"sk";"Piloswine (43)";43;Uncommon;http://tcgplayer.com/product/88115/pokemon-skyridge-piloswine-43?xid=pi212fdaf0-cb2b-4168-b61e-486dc4599326&page=1;None
202014865867631656469940012710097714734;"Skyridge";"sk";"Crobat (6)";6;Rare;http://tcgplayer.com/product/84484/pokemon-skyridge-crobat-6?xid=pi212fdaf0-cb2b-4168-b61e-486dc4599326&page=1;None
171928062468862953777514823909962820516;"Skyridge";"sk";"Starmie (30)";30;Rare;http://tcgplayer.com/product/89529/pokemon-skyridge-starmie-30?xid=pi212fdaf0-cb2b-4168-b61e-486dc4599326&page=1;None
339934891110656122136992490985749030167;"Skyridge";"sk";"Staryu (104)";104;Common;http://tcgplayer.com/product/89545/pokemon-skyridge-staryu-104?xid=pi212fdaf0-cb2b-4168-b61e-486dc4599326&page=1;None
276450504974286686858753520837321198086;"Skyridge";"sk";"Meowth";78;Common;http://tcgplayer.com/product/87314/pokemon-skyridge-meowth?xid=pi212fdaf0-cb2b-4168-b61e-486dc4599326&page=1;None
72442458806298242678279904356428098842;"Skyridge";"sk";"Electrode";36;Uncommon;http://tcgplayer.com/product/85152/pokemon-skyridge-electrode?xid=pi212fdaf0-cb2b-4168-b61e-486dc4599326&page=1;None
12064722252119405975728028095645297513;"Skyridge";"sk";"Magneton (20)";20;Rare;http://tcgplayer.com/product/87090/pokemon-skyridge-magneton-20?xid=pi212fdaf0-cb2b-4168-b61e-486dc4599326&page=1;None
149833570141911360276349446635483685967;"Skyridge";"sk";"Crobat (H5)";H5;Holo Rare;http://tcgplayer.com/product/84483/pokemon-skyridge-crobat-h5?xid=pi212fdaf0-cb2b-4168-b61e-486dc4599326&page=1;None
235800368102329452016655400499067525769;"Skyridge";"sk";"Igglybuff";67;Common;http://tcgplayer.com/product/86258/pokemon-skyridge-igglybuff?xid=pi212fdaf0-cb2b-4168-b61e-486dc4599326&page=1;None
133511870501499985604567943181316825672;"Skyridge";"sk";"Beedrill (H4)";H4;Holo Rare;http://tcgplayer.com/product/83764/pokemon-skyridge-beedrill-h4?xid=pi212fdaf0-cb2b-4168-b61e-486dc4599326&page=1;None
275786263837452968226459618653039195687;"Skyridge";"sk";"Retro Energy";144;Uncommon;http://tcgplayer.com/product/88718/pokemon-skyridge-retro-energy?xid=pi212fdaf0-cb2b-4168-b61e-486dc4599326&page=1;None
186909679389326674942867681139773668527;"Skyridge";"sk";"Charizard";146;Secret Rare;http://tcgplayer.com/product/84186/pokemon-skyridge-charizard?xid=pi212fdaf0-cb2b-4168-b61e-486dc4599326&page=1;None
175012868541510625276086155665486574517;"Skyridge";"sk";"Vaporeon (H31)";H31;Holo Rare;http://tcgplayer.com/product/90280/pokemon-skyridge-vaporeon-h31?xid=pi212fdaf0-cb2b-4168-b61e-486dc4599326&page=1;None
12941673501237900621490950556189007648;"Skyridge";"sk";"Forretress (56)";56;Common;http://tcgplayer.com/product/85546/pokemon-skyridge-forretress-56?xid=pi212fdaf0-cb2b-4168-b61e-486dc4599326&page=1;None
180240944146527014982539190760462132053;"Skyridge";"sk";"Jolteon (H12)";H12;Holo Rare;http://tcgplayer.com/product/86337/pokemon-skyridge-jolteon-h12?xid=pi212fdaf0-cb2b-4168-b61e-486dc4599326&page=1;None
253114079563625235492891753277464150891;"Skyridge";"sk";"Ho-oh";149;Secret Rare;http://tcgplayer.com/product/86121/pokemon-skyridge-ho-oh?xid=pi212fdaf0-cb2b-4168-b61e-486dc4599326&page=1;None
170403744922536118605866883920067062556;"Skyridge";"sk";"Starmie (44)";44;Uncommon;http://tcgplayer.com/product/89530/pokemon-skyridge-starmie-44?xid=pi212fdaf0-cb2b-4168-b61e-486dc4599326&page=1;None
152967732549205244076470841310927409061;"Skyridge";"sk";"Persian";42;Uncommon;http://tcgplayer.com/product/87982/pokemon-skyridge-persian?xid=pi212fdaf0-cb2b-4168-b61e-486dc4599326&page=1;None
252062697461936651022787898761062962831;"Skyridge";"sk";"Rhydon (H27)";H27;Holo Rare;http://tcgplayer.com/product/88728/pokemon-skyridge-rhydon-h27?xid=pi212fdaf0-cb2b-4168-b61e-486dc4599326&page=1;None
169996802333313543052842176183134415479;"Skyridge";"sk";"Starmie (H28)";H28;Holo Rare;http://tcgplayer.com/product/89528/pokemon-skyridge-starmie-h28?xid=pi212fdaf0-cb2b-4168-b61e-486dc4599326&page=1;None
122404749255463761796561961538930050439;"Skyridge";"sk";"Raichu (H25)";H25;Holo Rare;http://tcgplayer.com/product/88502/pokemon-skyridge-raichu-h25?xid=pid3384d24-d10b-43c4-ac3d-673a17062ac7&page=1;None
220991937945223052993266511230911065748;"Skyridge";"sk";"Starmie (H28)";H28;Holo Rare;http://tcgplayer.com/product/89528/pokemon-skyridge-starmie-h28?xid=pid3384d24-d10b-43c4-ac3d-673a17062ac7&page=1;None
11375645063775084926494590046378831797;"Skyridge";"sk";"Magcargo (18)";18;Rare;http://tcgplayer.com/product/87011/pokemon-skyridge-magcargo-18?xid=pid3384d24-d10b-43c4-ac3d-673a17062ac7&page=1;None
218037905167856238116940258455630798532;"Skyridge";"sk";"Weedle (114)";114;Common;http://tcgplayer.com/product/90540/pokemon-skyridge-weedle-114?xid=pid3384d24-d10b-43c4-ac3d-673a17062ac7&page=1;None
315146226347307960971939314326272812646;"Skyridge";"sk";"Politoed";25;Rare;http://tcgplayer.com/product/88248/pokemon-skyridge-politoed?xid=pid3384d24-d10b-43c4-ac3d-673a17062ac7&page=1;None
161429948276151133298507513551611792309;"Skyridge";"sk";"Raikou";28;Rare;http://tcgplayer.com/product/88532/pokemon-skyridge-raikou?xid=pid3384d24-d10b-43c4-ac3d-673a17062ac7&page=1;None
152939833227493891576488026026494043565;"Skyridge";"sk";"Noctowl";40;Uncommon;http://tcgplayer.com/product/87790/pokemon-skyridge-noctowl?xid=pid3384d24-d10b-43c4-ac3d-673a17062ac7&page=1;None
261518631251004497436221247209641199341;"Skyridge";"sk";"Shuckle";96;Common;http://tcgplayer.com/product/89189/pokemon-skyridge-shuckle?xid=pid3384d24-d10b-43c4-ac3d-673a17062ac7&page=1;None
288619214727749067744943877104640839866;"Skyridge";"sk";"Piloswine (H22)";H22;Holo Rare;http://tcgplayer.com/product/88112/pokemon-skyridge-piloswine-h22?xid=pid3384d24-d10b-43c4-ac3d-673a17062ac7&page=1;None
251044213470153125299237657412901081475;"Skyridge";"sk";"Machamp (H15)";H15;Holo Rare;http://tcgplayer.com/product/86958/pokemon-skyridge-machamp-h15?xid=pid3384d24-d10b-43c4-ac3d-673a17062ac7&page=1;None
87141483587744705778809869296957016382;"Skyridge";"sk";"Slugma (99)";99;Common;http://tcgplayer.com/product/89339/pokemon-skyridge-slugma-99?xid=pid3384d24-d10b-43c4-ac3d-673a17062ac7&page=1;None
334394088165487699171154632428045342690;"Skyridge";"sk";"Mirage Stadium";132;Uncommon;http://tcgplayer.com/product/87500/pokemon-skyridge-mirage-stadium?xid=pid3384d24-d10b-43c4-ac3d-673a17062ac7&page=1;None
163108242995512699851456044336775701909;"Skyridge";"sk";"Lapras";71;Common;http://tcgplayer.com/product/86616/pokemon-skyridge-lapras?xid=pid3384d24-d10b-43c4-ac3d-673a17062ac7&page=1;None
129805827632234300614493753435452791996;"Skyridge";"sk";"Nidoqueen (H21)";H21;Holo Rare;http://tcgplayer.com/product/87703/pokemon-skyridge-nidoqueen-h21?xid=pid3384d24-d10b-43c4-ac3d-673a17062ac7&page=1;None
165140360325024302167887874337813507910;"Skyridge";"sk";"Kakuna";70;Common;http://tcgplayer.com/product/86410/pokemon-skyridge-kakuna?xid=pid3384d24-d10b-43c4-ac3d-673a17062ac7&page=1;None
328551368539575076932224066957688162909;"Skyridge";"sk";"Kadabra";69;Common;http://tcgplayer.com/product/86405/pokemon-skyridge-kadabra?xid=pid3384d24-d10b-43c4-ac3d-673a17062ac7&page=1;None
279019225324193052867327833152622932734;"Skyridge";"sk";"Mystery Plate Alpha";133;Uncommon;http://tcgplayer.com/product/87670/pokemon-skyridge-mystery-plate-alpha?xid=pid3384d24-d10b-43c4-ac3d-673a17062ac7&page=1;None
9870622069186665317373940228070083422;"Skyridge";"sk";"Underground Expedition";140;Uncommon;http://tcgplayer.com/product/90155/pokemon-skyridge-underground-expedition?xid=pid3384d24-d10b-43c4-ac3d-673a17062ac7&page=1;None
299542962826531697969995507601265171711;"Skyridge";"sk";"Forretress (H8)";H8;Holo Rare;http://tcgplayer.com/product/85543/pokemon-skyridge-forretress-h8?xid=pid3384d24-d10b-43c4-ac3d-673a17062ac7&page=1;None
181715242386979106240983083943987314248;"Skyridge";"sk";"Kabutops (14)";14;Rare;http://tcgplayer.com/product/86392/pokemon-skyridge-kabutops-14?xid=pid3384d24-d10b-43c4-ac3d-673a17062ac7&page=1;None
299943512574244436603893559900381151695;"Skyridge";"sk";"Staryu (103)";103;Common;http://tcgplayer.com/product/89544/pokemon-skyridge-staryu-103?xid=pid3384d24-d10b-43c4-ac3d-673a17062ac7&page=1;None
312486996599814281808670508784806165196;"Skyridge";"sk";"Moltres (H20)";H20;Holo Rare;http://tcgplayer.com/product/87556/pokemon-skyridge-moltres-h20?xid=pid3384d24-d10b-43c4-ac3d-673a17062ac7&page=1;None
332419678555751723472684426788782949768;"Skyridge";"sk";"Seel (95)";95;Common;http://tcgplayer.com/product/89051/pokemon-skyridge-seel-95?xid=pid3384d24-d10b-43c4-ac3d-673a17062ac7&page=1;None
196914555152800267867046429917272374627;"Skyridge";"sk";"Golbat";60;Common;http://tcgplayer.com/product/85792/pokemon-skyridge-golbat?xid=pid3384d24-d10b-43c4-ac3d-673a17062ac7&page=1;None
219593482125011412446620274723017965770;"Skyridge";"sk";"Swinub (107)";107;Common;http://tcgplayer.com/product/89700/pokemon-skyridge-swinub-107?xid=pifd155924-d207-4ec6-8c49-1665a5b4cf18&page=1;None
83386990372073587036072799496440719856;"Skyridge";"sk";"Magcargo (17)";17;Rare;http://tcgplayer.com/product/87009/pokemon-skyridge-magcargo-17?xid=pifd155924-d207-4ec6-8c49-1665a5b4cf18&page=1;None
94175603648429780569991478176529283487;"Skyridge";"sk";"Venomoth";111;Common;http://tcgplayer.com/product/90300/pokemon-skyridge-venomoth?xid=pifd155924-d207-4ec6-8c49-1665a5b4cf18&page=1;None
86257258985873863985134266282769729206;"Skyridge";"sk";"Gyarados (H10)";H10;Holo Rare;http://tcgplayer.com/product/85987/pokemon-skyridge-gyarados-h10?xid=pifd155924-d207-4ec6-8c49-1665a5b4cf18&page=1;None
20150887051090972192044795804762064619;"Skyridge";"sk";"Forretress (9)";9;Rare;http://tcgplayer.com/product/85544/pokemon-skyridge-forretress-9?xid=pifd155924-d207-4ec6-8c49-1665a5b4cf18&page=1;None
13321773759503925458696538994255459343;"Skyridge";"sk";"Ledian (H14)";H14;Holo Rare;http://tcgplayer.com/product/86690/pokemon-skyridge-ledian-h14?xid=pifd155924-d207-4ec6-8c49-1665a5b4cf18&page=1;None
141940345466774977763148020264630501882;"Skyridge";"sk";"Cyclone Energy";143;Uncommon;http://tcgplayer.com/product/84539/pokemon-skyridge-cyclone-energy?xid=pifd155924-d207-4ec6-8c49-1665a5b4cf18&page=1;None
12086348894463938682175164151429806279;"Skyridge";"sk";"Magneton (19)";19;Rare;http://tcgplayer.com/product/87089/pokemon-skyridge-magneton-19?xid=pifd155924-d207-4ec6-8c49-1665a5b4cf18&page=1;None
315959633680918360229448449696925399624;"Skyridge";"sk";"Buried Fossil";47;Common;http://tcgplayer.com/product/84048/pokemon-skyridge-buried-fossil?xid=pifd155924-d207-4ec6-8c49-1665a5b4cf18&page=1;None
180790872429838692095545017804645281819;"Skyridge";"sk";"Articuno (H3)";H3;Holo Rare;http://tcgplayer.com/product/83644/pokemon-skyridge-articuno-h3?xid=pifd155924-d207-4ec6-8c49-1665a5b4cf18&page=1;None
268073780255825259309330862157423697287;"Skyridge";"sk";"Rhyhorn";91;Common;http://tcgplayer.com/product/88739/pokemon-skyridge-rhyhorn?xid=pifd155924-d207-4ec6-8c49-1665a5b4cf18&page=1;None
127847920426493111918973917879533382068;"Skyridge";"sk";"Raikou (H26)";H26;Holo Rare;http://tcgplayer.com/product/88531/pokemon-skyridge-raikou-h26?xid=pifd155924-d207-4ec6-8c49-1665a5b4cf18&page=1;None
299345768770579929990486414741116108373;"Skyridge";"sk";"Friend Ball";126;Uncommon;http://tcgplayer.com/product/85562/pokemon-skyridge-friend-ball?xid=pifd155924-d207-4ec6-8c49-1665a5b4cf18&page=1;None
5771064667831845763069273767968662099;"Skyridge";"sk";"Farfetch'd";55;Common;http://tcgplayer.com/product/85383/pokemon-skyridge-farfetchd?xid=pifd155924-d207-4ec6-8c49-1665a5b4cf18&page=1;None
334608969557125288653021294779489188920;"Skyridge";"sk";"Pineco (86)";86;Common;http://tcgplayer.com/product/88125/pokemon-skyridge-pineco-86?xid=pifd155924-d207-4ec6-8c49-1665a5b4cf18&page=1;None
287137666469665986180613050946853013079;"Skyridge";"sk";"Aerodactyl";1;Rare;http://tcgplayer.com/product/83465/pokemon-skyridge-aerodactyl?xid=pifd155924-d207-4ec6-8c49-1665a5b4cf18&page=1;None
324897418527029001250121433222558000335;"Skyridge";"sk";"Crystal Shard";122;Uncommon;http://tcgplayer.com/product/84519/pokemon-skyridge-crystal-shard?xid=pifd155924-d207-4ec6-8c49-1665a5b4cf18&page=1;None
302888628104357072508926701729925621580;"Skyridge";"sk";"Nidoqueen";22;Rare;http://tcgplayer.com/product/87704/pokemon-skyridge-nidoqueen?xid=pifd155924-d207-4ec6-8c49-1665a5b4cf18&page=1;None
21379385985476769989480364929409653079;"Skyridge";"sk";"Raichu";27;Rare;http://tcgplayer.com/product/88503/pokemon-skyridge-raichu?xid=pifd155924-d207-4ec6-8c49-1665a5b4cf18&page=1;None
247701814066082463366897659114579816640;"Skyridge";"sk";"Gengar";10;Rare;http://tcgplayer.com/product/85669/pokemon-skyridge-gengar?xid=pifd155924-d207-4ec6-8c49-1665a5b4cf18&page=1;None
307596227731383377957956105003527777835;"Skyridge";"sk";"Celebi";145;Secret Rare;http://tcgplayer.com/product/84144/pokemon-skyridge-celebi?xid=pifd155924-d207-4ec6-8c49-1665a5b4cf18&page=1;None
208236622225098381263669292842431965514;"Skyridge";"sk";"Steelix (H29)";H29;Holo Rare;http://tcgplayer.com/product/89558/pokemon-skyridge-steelix-h29?xid=pifd155924-d207-4ec6-8c49-1665a5b4cf18&page=1;None
103856690390027697681322436898213328664;"Skyridge";"sk";"Gligar";59;Common;http://tcgplayer.com/product/85763/pokemon-skyridge-gligar?xid=pifd155924-d207-4ec6-8c49-1665a5b4cf18&page=1;None
335658047607809604061699858010865647687;"Skyridge";"sk";"Star Piece";139;Uncommon;http://tcgplayer.com/product/89507/pokemon-skyridge-star-piece?xid=pifd155924-d207-4ec6-8c49-1665a5b4cf18&page=1;None
99249452634090028428793052477779734994;"Skyridge";"sk";"Zubat (117)";117;Common;http://tcgplayer.com/product/90768/pokemon-skyridge-zubat-117?xid=pi955ae033-9b6b-4b63-8f89-f2827ab811e6&page=1;None
174386055975495947729402454779260950232;"Skyridge";"sk";"Omastar";23;Rare;http://tcgplayer.com/product/87864/pokemon-skyridge-omastar?xid=pi955ae033-9b6b-4b63-8f89-f2827ab811e6&page=1;None
2670654878178297124121631456437639967;"Skyridge";"sk";"Mystery Plate Delta";136;Uncommon;http://tcgplayer.com/product/87672/pokemon-skyridge-mystery-plate-delta?xid=pi955ae033-9b6b-4b63-8f89-f2827ab811e6&page=1;None
251651190170051013773344104756528189428;"Skyridge";"sk";"Ledyba (73)";73;Common;http://tcgplayer.com/product/86702/pokemon-skyridge-ledyba-73?xid=pi955ae033-9b6b-4b63-8f89-f2827ab811e6&page=1;None
24902788552093589361833578822900562796;"Skyridge";"sk";"Zubat (118)";118;Common;http://tcgplayer.com/product/90769/pokemon-skyridge-zubat-118?xid=pi955ae033-9b6b-4b63-8f89-f2827ab811e6&page=1;None
303315961557075484247537511665981469438;"Skyridge";"sk";"Xatu (H32)";H32;Holo Rare;http://tcgplayer.com/product/90658/pokemon-skyridge-xatu-h32?xid=pi955ae033-9b6b-4b63-8f89-f2827ab811e6&page=1;None
98973966834587659266133217596170301595;"Skyridge";"sk";"Magneton (H18)";H18;Holo Rare;http://tcgplayer.com/product/87095/pokemon-skyridge-magneton-h18?xid=pi955ae033-9b6b-4b63-8f89-f2827ab811e6&page=1;None
150238213909020381895148278457314882811;"Skyridge";"sk";"Kabutops (H13)";H13;Holo Rare;http://tcgplayer.com/product/86391/pokemon-skyridge-kabutops-h13?xid=pi955ae033-9b6b-4b63-8f89-f2827ab811e6&page=1;None
263508051504160524360488751542045282998;"Skyridge";"sk";"Alakazam";2;Rare;http://tcgplayer.com/product/83499/pokemon-skyridge-alakazam?xid=pi955ae033-9b6b-4b63-8f89-f2827ab811e6&page=1;None
66934140153132410899296966632613454149;"Skyridge";"sk";"Magneton (H19)";H19;Holo Rare;http://tcgplayer.com/product/87096/pokemon-skyridge-magneton-h19?xid=pi955ae033-9b6b-4b63-8f89-f2827ab811e6&page=1;None
165914760620401066126071820097988835519;"Skyridge";"sk";"Arcanine (H2)";H2;Holo Rare;http://tcgplayer.com/product/83574/pokemon-skyridge-arcanine-h2?xid=pi955ae033-9b6b-4b63-8f89-f2827ab811e6&page=1;None
92622493247295150199337244739647460742;"Skyridge";"sk";"Magcargo (H16)";H16;Holo Rare;http://tcgplayer.com/product/87008/pokemon-skyridge-magcargo-h16?xid=pi955ae033-9b6b-4b63-8f89-f2827ab811e6&page=1;None
13753393971103201142356920678713825453;"Skyridge";"sk";"Dewgong (H6)";H6;Holo Rare;http://tcgplayer.com/product/84785/pokemon-skyridge-dewgong-h6?xid=pi955ae033-9b6b-4b63-8f89-f2827ab811e6&page=1;None
106540660335125648945208425728457895701;"Skyridge";"sk";"Alakazam (H1)";H1;Holo Rare;http://tcgplayer.com/product/83498/pokemon-skyridge-alakazam-h1?xid=pi955ae033-9b6b-4b63-8f89-f2827ab811e6&page=1;None
