112031834644823085395913458374177783084;"Critical Blow";"bt22";"Gamma 1 & Gamma 2, Heroes' Mission";BT22-021;Super Rare;http://tcgplayer.com/product/509615/dragon-ball-super-ccg-critical-blow-gamma-1-and-gamma-2-heroes-mission?xid=pi10745c5b-5946-4eff-b371-db2079e23eec&page=1;None
196034384449978878389678649551371521002;"Critical Blow";"bt22";"Cell Max, Return of Despair";BT22-027;Super Rare;http://tcgplayer.com/product/509614/dragon-ball-super-ccg-critical-blow-cell-max-return-of-despair?xid=pi10745c5b-5946-4eff-b371-db2079e23eec&page=1;None
140374543078622470649564425367568724215;"Critical Blow";"bt22";"Goku's Kamehameha";BT22-086;Super Rare;http://tcgplayer.com/product/510052/dragon-ball-super-ccg-critical-blow-gokus-kamehameha?xid=pi10745c5b-5946-4eff-b371-db2079e23eec&page=1;None
250600578858659462575980753757143432124;"Critical Blow";"bt22";"Son Gohan, Beast Roar";BT22-009;Super Rare;http://tcgplayer.com/product/509441/dragon-ball-super-ccg-critical-blow-son-gohan-beast-roar?xid=pi10745c5b-5946-4eff-b371-db2079e23eec&page=1;None
28632013183993693417640852203544229472;"Critical Blow";"bt22";"SS Son Gohan & SS Son Goten, Battle Ready";BT22-067;Super Rare;http://tcgplayer.com/product/508778/dragon-ball-super-ccg-critical-blow-ss-son-gohan-and-ss-son-goten-battle-ready?xid=pi10745c5b-5946-4eff-b371-db2079e23eec&page=1;None
112431340066759949054564456676439555493;"Critical Blow";"bt22";"SSB Vegito, All-Around Warrior";BT22-122;Rare;http://tcgplayer.com/product/510943/dragon-ball-super-ccg-critical-blow-ssb-vegito-all-around-warrior?xid=pi10745c5b-5946-4eff-b371-db2079e23eec&page=1;None
53538275641641985234855357368705897564;"Critical Blow";"bt22";"SS Gogeta, Sparking to Utmost Limit";BT22-137;Super Rare;http://tcgplayer.com/product/512092/dragon-ball-super-ccg-critical-blow-ss-gogeta-sparking-to-utmost-limit?xid=pi10745c5b-5946-4eff-b371-db2079e23eec&page=1;None
107408624739265951968937619575565280445;"Critical Blow";"bt22";"SS4 Son Goku, Cross Dimensional Fighting Spirit";BT22-116;Super Rare;http://tcgplayer.com/product/510932/dragon-ball-super-ccg-critical-blow-ss4-son-goku-cross-dimensional-fighting-spirit?xid=pi10745c5b-5946-4eff-b371-db2079e23eec&page=1;None
255786149561194581044095515708679756833;"Critical Blow";"bt22";"Super Fu, Assault Dominator";BT22-123;Super Rare;http://tcgplayer.com/product/510954/dragon-ball-super-ccg-critical-blow-super-fu-assault-dominator?xid=pi10745c5b-5946-4eff-b371-db2079e23eec&page=1;None
248504349199893346944919363462394308702;"Critical Blow";"bt22";"Son Gohan, True Self Revealed";BT22-092;Super Rare;http://tcgplayer.com/product/510912/dragon-ball-super-ccg-critical-blow-son-gohan-true-self-revealed?xid=pi10745c5b-5946-4eff-b371-db2079e23eec&page=1;None
77151603999869013321482183078056667224;"Critical Blow";"bt22";"SS3 Broly, Tyrant";BT22-058;Super Rare;http://tcgplayer.com/product/507910/dragon-ball-super-ccg-critical-blow-ss3-broly-tyrant?xid=pi10745c5b-5946-4eff-b371-db2079e23eec&page=1;None
94334781847439534872036599477926688020;"Critical Blow";"bt22";"SS Broly, Tenacious Onslaught";BT22-132;Super Rare;http://tcgplayer.com/product/507810/dragon-ball-super-ccg-critical-blow-ss-broly-tenacious-onslaught?xid=pi10745c5b-5946-4eff-b371-db2079e23eec&page=1;None
90661112060389057325008698777810883843;"Critical Blow";"bt22";"SSB Vegito, Ultimate Battle";BT22-121;Rare;http://tcgplayer.com/product/510952/dragon-ball-super-ccg-critical-blow-ssb-vegito-ultimate-battle?xid=pi10745c5b-5946-4eff-b371-db2079e23eec&page=1;None
24378818047524687966401760845985226012;"Critical Blow";"bt22";"Vegeta, Combination Attack in Hell";BT22-040;Common;http://tcgplayer.com/product/511947/dragon-ball-super-ccg-critical-blow-vegeta-combination-attack-in-hell?xid=pi10745c5b-5946-4eff-b371-db2079e23eec&page=1;None
229099022089218365502497938895910997699;"Critical Blow";"bt22";"Son Goku, Combination Attack in Hell";BT22-108;Common;http://tcgplayer.com/product/511946/dragon-ball-super-ccg-critical-blow-son-goku-combination-attack-in-hell?xid=pi10745c5b-5946-4eff-b371-db2079e23eec&page=1;None
7437632511403759564482566655795273439;"Critical Blow";"bt22";"SS3 Son Goku, Premonitions of a Fierce Battle";BT22-135;Super Rare;http://tcgplayer.com/product/511943/dragon-ball-super-ccg-critical-blow-ss3-son-goku-premonitions-of-a-fierce-battle?xid=pi10745c5b-5946-4eff-b371-db2079e23eec&page=1;None
209576429932248817390216361095933399681;"Critical Blow";"bt22";"SS Broly, Glacial Awakening";BT22-134;Rare;http://tcgplayer.com/product/514104/dragon-ball-super-ccg-critical-blow-ss-broly-glacial-awakening?xid=pi10745c5b-5946-4eff-b371-db2079e23eec&page=1;None
243076285753977950798954030187631317417;"Critical Blow";"bt22";"Son Gohan, Ultimate Power of Legend";BT22-010;Rare;http://tcgplayer.com/product/509448/dragon-ball-super-ccg-critical-blow-son-gohan-ultimate-power-of-legend?xid=pi10745c5b-5946-4eff-b371-db2079e23eec&page=1;None
192980334812926950331608569949072440674;"Critical Blow";"bt22";"SS2 Son Goku, Counter Strike";BT22-107;Rare;http://tcgplayer.com/product/511944/dragon-ball-super-ccg-critical-blow-ss2-son-goku-counter-strike?xid=pi10745c5b-5946-4eff-b371-db2079e23eec&page=1;None
80290952431937751453482238829647358204;"Critical Blow";"bt22";"SS Vegeta, Counter Strike";BT22-039;Rare;http://tcgplayer.com/product/511945/dragon-ball-super-ccg-critical-blow-ss-vegeta-counter-strike?xid=pi10745c5b-5946-4eff-b371-db2079e23eec&page=1;None
303438796256820640238252060744793853003;"Critical Blow";"bt22";"Veku, Comeback From Defeat";BT22-136;Rare;http://tcgplayer.com/product/512095/dragon-ball-super-ccg-critical-blow-veku-comeback-from-defeat?xid=pi10745c5b-5946-4eff-b371-db2079e23eec&page=1;None
106441554340997019527808559812717994947;"Critical Blow";"bt22";"Son Gohan, True Self Revealed (SPR)";BT22-092;Special Rare;http://tcgplayer.com/product/510972/dragon-ball-super-ccg-critical-blow-son-gohan-true-self-revealed-spr?xid=pi10745c5b-5946-4eff-b371-db2079e23eec&page=1;None
336752106782279181791310448021864880326;"Critical Blow";"bt22";"SS Son Gohan & SS Son Goten, Emotions Delivered";BT22-066;Super Rare;http://tcgplayer.com/product/508769/dragon-ball-super-ccg-critical-blow-ss-son-gohan-and-ss-son-goten-emotions-delivered?xid=pi10745c5b-5946-4eff-b371-db2079e23eec&page=1;None
194446206829094709967865249510725049352;"Critical Blow";"bt22";"Piccolo, Power Beyond Awakening";BT22-015;Rare;http://tcgplayer.com/product/509227/dragon-ball-super-ccg-critical-blow-piccolo-power-beyond-awakening?xid=pi10745c5b-5946-4eff-b371-db2079e23eec&page=1;None
84044308945905809110759852016606089355;"Critical Blow";"bt22";"Janemba, Devious Trickster";BT22-043;Super Rare;http://tcgplayer.com/product/511856/dragon-ball-super-ccg-critical-blow-janemba-devious-trickster?xid=pi64a037f8-87f8-44bc-ab85-fe8724dac35d&page=1;None
103549105614055121168731221309575362326;"Critical Blow";"bt22";"Grandpa's Heirloom, the Four-Star Ball";BT22-112;Super Rare;http://tcgplayer.com/product/510023/dragon-ball-super-ccg-critical-blow-grandpas-heirloom-the-four-star-ball?xid=pi64a037f8-87f8-44bc-ab85-fe8724dac35d&page=1;None
36625244192808154232797080471902072662;"Critical Blow";"bt22";"SS3 Son Goku, Premonitions of a Fierce Battle (SPR)";BT22-135;Special Rare;http://tcgplayer.com/product/512108/dragon-ball-super-ccg-critical-blow-ss3-son-goku-premonitions-of-a-fierce-battle-spr?xid=pi64a037f8-87f8-44bc-ab85-fe8724dac35d&page=1;None
328060339021455226833963823735963572876;"Critical Blow";"bt22";"Son Gohan, Beast Roar (SPR)";BT22-009;Special Rare;http://tcgplayer.com/product/509677/dragon-ball-super-ccg-critical-blow-son-gohan-beast-roar-spr?xid=pi64a037f8-87f8-44bc-ab85-fe8724dac35d&page=1;None
296877852943130432975315274800955601114;"Critical Blow";"bt22";"SS Cumber, Assailant's Fury";BT22-127;Super Rare;http://tcgplayer.com/product/510974/dragon-ball-super-ccg-critical-blow-ss-cumber-assailants-fury?xid=pi64a037f8-87f8-44bc-ab85-fe8724dac35d&page=1;None
151155278728786552408073399115757439649;"Critical Blow";"bt22";"Gamma 1, A New Hero Created By Dr. Hedo";BT22-020;Common;http://tcgplayer.com/product/509620/dragon-ball-super-ccg-critical-blow-gamma-1-a-new-hero-created-by-dr-hedo?xid=pi64a037f8-87f8-44bc-ab85-fe8724dac35d&page=1;None
265009044668583162377654224787036580798;"Critical Blow";"bt22";"SS Gogeta, Sparking to Utmost Limit (SPR)";BT22-137;Special Rare;http://tcgplayer.com/product/512107/dragon-ball-super-ccg-critical-blow-ss-gogeta-sparking-to-utmost-limit-spr?xid=pi64a037f8-87f8-44bc-ab85-fe8724dac35d&page=1;None
59560716470421310920666494916075215837;"Critical Blow";"bt22";"Piccolo, Bestowed Power";BT22-016;Common;http://tcgplayer.com/product/509225/dragon-ball-super-ccg-critical-blow-piccolo-bestowed-power?xid=pi64a037f8-87f8-44bc-ab85-fe8724dac35d&page=1;None
81049194813959025382660019734309771892;"Critical Blow";"bt22";"Pan, Determined Young Girl";BT22-014;Common;http://tcgplayer.com/product/509223/dragon-ball-super-ccg-critical-blow-pan-determined-young-girl?xid=pi64a037f8-87f8-44bc-ab85-fe8724dac35d&page=1;None
140754836890555592371347152318405673114;"Critical Blow";"bt22";"Gamma 1, Hero Pride";BT22-019;Rare;http://tcgplayer.com/product/509621/dragon-ball-super-ccg-critical-blow-gamma-1-hero-pride?xid=pi64a037f8-87f8-44bc-ab85-fe8724dac35d&page=1;None
280914983400593223816783237763900178243;"Critical Blow";"bt22";"Janemba, Devious Trickster (SPR)";BT22-043;Special Rare;http://tcgplayer.com/product/512110/dragon-ball-super-ccg-critical-blow-janemba-devious-trickster-spr?xid=pi64a037f8-87f8-44bc-ab85-fe8724dac35d&page=1;None
267666756415597852553356631224914538622;"Critical Blow";"bt22";"SS Son Gohan, All-Out Explosion";BT22-011;Rare;http://tcgplayer.com/product/514215/dragon-ball-super-ccg-critical-blow-ss-son-gohan-all-out-explosion?xid=pi64a037f8-87f8-44bc-ab85-fe8724dac35d&page=1;None
130135677887955180795861593631471599286;"Critical Blow";"bt22";"Magenta, Path to Wish Fulfillment";BT22-029;Common;http://tcgplayer.com/product/509470/dragon-ball-super-ccg-critical-blow-magenta-path-to-wish-fulfillment?xid=pi64a037f8-87f8-44bc-ab85-fe8724dac35d&page=1;None
255108327747267514788095595704957564694;"Critical Blow";"bt22";"SS Broly, the Nightmare Begins";BT22-133;Rare;http://tcgplayer.com/product/507985/dragon-ball-super-ccg-critical-blow-ss-broly-the-nightmare-begins?xid=pi64a037f8-87f8-44bc-ab85-fe8724dac35d&page=1;None
328548065293429661169805845108335481661;"Critical Blow";"bt22";"Gigantic Meteor of Destruction";BT22-060;Uncommon;http://tcgplayer.com/product/507979/dragon-ball-super-ccg-critical-blow-gigantic-meteor-of-destruction?xid=pi64a037f8-87f8-44bc-ab85-fe8724dac35d&page=1;None
276971808643318674995840620538920733001;"Critical Blow";"bt22";"Dormant Super Warrior";BT22-079;Common;http://tcgplayer.com/product/507834/dragon-ball-super-ccg-critical-blow-dormant-super-warrior?xid=pi64a037f8-87f8-44bc-ab85-fe8724dac35d&page=1;None
56852813298793924968414396745510354985;"Critical Blow";"bt22";"Paragus, Beginnings of Ambition";BT22-076;Common;http://tcgplayer.com/product/507969/dragon-ball-super-ccg-critical-blow-paragus-beginnings-of-ambition?xid=pi64a037f8-87f8-44bc-ab85-fe8724dac35d&page=1;None
2273857799293761244563184237594771160;"Critical Blow";"bt22";"Son Gohan, Close Call";BT22-065;Common;http://tcgplayer.com/product/507940/dragon-ball-super-ccg-critical-blow-son-gohan-close-call?xid=pi64a037f8-87f8-44bc-ab85-fe8724dac35d&page=1;None
254733819060179335340078223501723890067;"Critical Blow";"bt22";"SS Cumber, Assailant's Fury (SPR)";BT22-127;Special Rare;http://tcgplayer.com/product/510923/dragon-ball-super-ccg-critical-blow-ss-cumber-assailants-fury-spr?xid=pi64a037f8-87f8-44bc-ab85-fe8724dac35d&page=1;None
314170519349865157819486469020151603467;"Critical Blow";"bt22";"Super Fu, Assault Dominator (SPR)";BT22-123;Special Rare;http://tcgplayer.com/product/510967/dragon-ball-super-ccg-critical-blow-super-fu-assault-dominator-spr?xid=pi64a037f8-87f8-44bc-ab85-fe8724dac35d&page=1;None
192244819281837293550377741145240365049;"Critical Blow";"bt22";"SS Son Gohan & SS Son Goten, Battle Ready (SPR)";BT22-067;Special Rare;http://tcgplayer.com/product/509683/dragon-ball-super-ccg-critical-blow-ss-son-gohan-and-ss-son-goten-battle-ready-spr?xid=pi64a037f8-87f8-44bc-ab85-fe8724dac35d&page=1;None
164250784807655836461251823844612407366;"Critical Blow";"bt22";"Family Kamehameha, Emotions Delivered";BT22-059;Uncommon;http://tcgplayer.com/product/507953/dragon-ball-super-ccg-critical-blow-family-kamehameha-emotions-delivered?xid=pi64a037f8-87f8-44bc-ab85-fe8724dac35d&page=1;None
243437301657836357732078017496272179250;"Critical Blow";"bt22";"Broly & Paragus, Father and Son of Vengeance";BT22-074;Common;http://tcgplayer.com/product/507849/dragon-ball-super-ccg-critical-blow-broly-and-paragus-father-and-son-of-vengeance?xid=pi64a037f8-87f8-44bc-ab85-fe8724dac35d&page=1;None
125386985229301787226544564948769980115;"Critical Blow";"bt22";"Gamma 2, A New Hero Created By Dr. Hedo";BT22-023;Common;http://tcgplayer.com/product/509617/dragon-ball-super-ccg-critical-blow-gamma-2-a-new-hero-created-by-dr-hedo?xid=pi64a037f8-87f8-44bc-ab85-fe8724dac35d&page=1;None
76373600983911327651302651471619898333;"Critical Blow";"bt22";"Broly, Lone Warrior";BT22-073;Common;http://tcgplayer.com/product/508000/dragon-ball-super-ccg-critical-blow-broly-lone-warrior?xid=pibaeb4051-8141-475e-b812-f095cfe1fbf5&page=1;None
4945559159728274637678151427329044790;"Critical Blow";"bt22";"Pan, Glimpse of Strength";BT22-013;Common;http://tcgplayer.com/product/509221/dragon-ball-super-ccg-critical-blow-pan-glimpse-of-strength?xid=pibaeb4051-8141-475e-b812-f095cfe1fbf5&page=1;None
338090279093527619033540405347426095015;"Critical Blow";"bt22";"Cumber, Overwhelming Fight";BT22-129;Rare;http://tcgplayer.com/product/510976/dragon-ball-super-ccg-critical-blow-cumber-overwhelming-fight?xid=pibaeb4051-8141-475e-b812-f095cfe1fbf5&page=1;None
69547079941779192420391865014411306994;"Critical Blow";"bt22";"Son Goku, Duel With an Assassin";BT22-088;Super Rare;http://tcgplayer.com/product/510046/dragon-ball-super-ccg-critical-blow-son-goku-duel-with-an-assassin?xid=pibaeb4051-8141-475e-b812-f095cfe1fbf5&page=1;None
181104131863203876737291538088890289228;"Critical Blow";"bt22";"Sealed Super Warrior";BT22-078;Rare;http://tcgplayer.com/product/507995/dragon-ball-super-ccg-critical-blow-sealed-super-warrior?xid=pibaeb4051-8141-475e-b812-f095cfe1fbf5&page=1;None
231255031274082693629100875859469157075;"Critical Blow";"bt22";"Dr Hedo, A Heroic Brain?";BT22-025;Common;http://tcgplayer.com/product/509471/dragon-ball-super-ccg-critical-blow-dr-hedo-a-heroic-brain?xid=pibaeb4051-8141-475e-b812-f095cfe1fbf5&page=1;None
62367593776942024754961181774490322587;"Critical Blow";"bt22";"Paragus, Strategist";BT22-075;Common;http://tcgplayer.com/product/507991/dragon-ball-super-ccg-critical-blow-paragus-strategist?xid=pibaeb4051-8141-475e-b812-f095cfe1fbf5&page=1;None
104219290382792604887679485387885190457;"Critical Blow";"bt22";"Cumber, Jet Black Hostility";BT22-130;Rare;http://tcgplayer.com/product/510907/dragon-ball-super-ccg-critical-blow-cumber-jet-black-hostility?xid=pibaeb4051-8141-475e-b812-f095cfe1fbf5&page=1;None
186646052034547503690537229913945423232;"Critical Blow";"bt22";"SS Broly, Tenacious Onslaught (SPR)";BT22-132;Special Rare;http://tcgplayer.com/product/509684/dragon-ball-super-ccg-critical-blow-ss-broly-tenacious-onslaught-spr?xid=pibaeb4051-8141-475e-b812-f095cfe1fbf5&page=1;None
273580097179173138879906225922292026462;"Critical Blow";"bt22";"Dr. Hedo, Heroism and Aesthetics";BT22-024;Common;http://tcgplayer.com/product/509476/dragon-ball-super-ccg-critical-blow-dr-hedo-heroism-and-aesthetics?xid=pibaeb4051-8141-475e-b812-f095cfe1fbf5&page=1;None
150866512946414357904817030425839101649;"Critical Blow";"bt22";"SS Son Goten, Released Power";BT22-068;Rare;http://tcgplayer.com/product/508731/dragon-ball-super-ccg-critical-blow-ss-son-goten-released-power?xid=pibaeb4051-8141-475e-b812-f095cfe1fbf5&page=1;None
114130059937361286766533401389530621550;"Critical Blow";"bt22";"Bulma, Cute Comrade";BT22-091;Uncommon;http://tcgplayer.com/product/510906/dragon-ball-super-ccg-critical-blow-bulma-cute-comrade?xid=pibaeb4051-8141-475e-b812-f095cfe1fbf5&page=1;None
77475192285353487127084394502432501310;"Critical Blow";"bt22";"Cell Max, Return of Despair (SPR)";BT22-027;Special Rare;http://tcgplayer.com/product/509680/dragon-ball-super-ccg-critical-blow-cell-max-return-of-despair-spr?xid=pibaeb4051-8141-475e-b812-f095cfe1fbf5&page=1;None
5929054294227552001174877979453375802;"Critical Blow";"bt22";"Cell Max, Advent of Despair";BT22-005;Uncommon;http://tcgplayer.com/product/509616/dragon-ball-super-ccg-critical-blow-cell-max-advent-of-despair?xid=pibaeb4051-8141-475e-b812-f095cfe1fbf5&page=1;None
81503589975670942275865844783548758564;"Critical Blow";"bt22";"Cumber, Thriving Darkness";BT22-128;Rare;http://tcgplayer.com/product/510955/dragon-ball-super-ccg-critical-blow-cumber-thriving-darkness?xid=pibaeb4051-8141-475e-b812-f095cfe1fbf5&page=1;None
31833738874370950714388839007391948234;"Critical Blow";"bt22";"Gamma 1 & Gamma 2, Heroes' Mission (SPR)";BT22-021;Special Rare;http://tcgplayer.com/product/509679/dragon-ball-super-ccg-critical-blow-gamma-1-and-gamma-2-heroes-mission-spr?xid=pibaeb4051-8141-475e-b812-f095cfe1fbf5&page=1;None
327885488948047962019720599630035774433;"Critical Blow";"bt22";"Special Beam Cannon, Inherited Power";BT22-007;Uncommon;http://tcgplayer.com/product/509435/dragon-ball-super-ccg-critical-blow-special-beam-cannon-inherited-power?xid=pibaeb4051-8141-475e-b812-f095cfe1fbf5&page=1;None
62532480293000511624256596867175489600;"Critical Blow";"bt22";"SS Son Gohan, Building Up Power";BT22-064;Common;http://tcgplayer.com/product/507801/dragon-ball-super-ccg-critical-blow-ss-son-gohan-building-up-power?xid=pibaeb4051-8141-475e-b812-f095cfe1fbf5&page=1;None
186714753040976549804400393240205806021;"Critical Blow";"bt22";"Gamma 1 & Gamma 2, Arrival of Heroes";BT22-004;Rare;http://tcgplayer.com/product/509480/dragon-ball-super-ccg-critical-blow-gamma-1-and-gamma-2-arrival-of-heroes?xid=pibaeb4051-8141-475e-b812-f095cfe1fbf5&page=1;None
221601243706754910737354994213966125072;"Critical Blow";"bt22";"Beerus, Merciless Destruction";BT22-051;Super Rare;http://tcgplayer.com/product/511857/dragon-ball-super-ccg-critical-blow-beerus-merciless-destruction?xid=pibaeb4051-8141-475e-b812-f095cfe1fbf5&page=1;None
247368983441347097225698152899735999605;"Critical Blow";"bt22";"Son Goten, Close Call";BT22-070;Common;http://tcgplayer.com/product/508007/dragon-ball-super-ccg-critical-blow-son-goten-close-call?xid=pibaeb4051-8141-475e-b812-f095cfe1fbf5&page=1;None
291496955600930350107718956466076988582;"Critical Blow";"bt22";"Son Goku, Duel With Assassin (SPR)";BT22-088;Special Rare;http://tcgplayer.com/product/510957/dragon-ball-super-ccg-critical-blow-son-goku-duel-with-assassin-spr?xid=pibaeb4051-8141-475e-b812-f095cfe1fbf5&page=1;None
1033699008163637214678516255431290074;"Critical Blow";"bt22";"Bora";BT22-096;Common;http://tcgplayer.com/product/510027/dragon-ball-super-ccg-critical-blow-bora?xid=pibaeb4051-8141-475e-b812-f095cfe1fbf5&page=1;None
89847665301212390972022475894975186494;"Critical Blow";"bt22";"Gamma 2, Suicide Attack Departure";BT22-022;Rare;http://tcgplayer.com/product/509619/dragon-ball-super-ccg-critical-blow-gamma-2-suicide-attack-departure?xid=piae178953-29f8-45a5-b0c6-5b2f6995483a&page=1;None
186374077044117474120690098270139330252;"Critical Blow";"bt22";"Son Goten, Close Call";BT22-070;Common;http://tcgplayer.com/product/508007/dragon-ball-super-ccg-critical-blow-son-goten-close-call?xid=piae178953-29f8-45a5-b0c6-5b2f6995483a&page=1;None
193640134713666304945201464850459512798;"Critical Blow";"bt22";"Videl, Dedicated Mother";BT22-018;Uncommon;http://tcgplayer.com/product/509449/dragon-ball-super-ccg-critical-blow-videl-dedicated-mother?xid=piae178953-29f8-45a5-b0c6-5b2f6995483a&page=1;None
312439092464645185789436808298400584018;"Critical Blow";"bt22";"Hachimaru, Small Scout";BT22-026;Common;http://tcgplayer.com/product/509474/dragon-ball-super-ccg-critical-blow-hachimaru-small-scout?xid=piae178953-29f8-45a5-b0c6-5b2f6995483a&page=1;None
328425200264327580560370982073529297029;"Critical Blow";"bt22";"Bursting Rage";BT22-138;Secret Rare;http://tcgplayer.com/product/509687/dragon-ball-super-ccg-critical-blow-bursting-rage?xid=piae178953-29f8-45a5-b0c6-5b2f6995483a&page=1;None
141980127028739336614415164326137147100;"Critical Blow";"bt22";"Trunks, Provocation";BT22-071;Uncommon;http://tcgplayer.com/product/508734/dragon-ball-super-ccg-critical-blow-trunks-provocation?xid=piae178953-29f8-45a5-b0c6-5b2f6995483a&page=1;None
291471489777246456116161158767315811686;"Critical Blow";"bt22";"Soul Punisher, the Cleansing Light";BT22-035;Uncommon;http://tcgplayer.com/product/512068/dragon-ball-super-ccg-critical-blow-soul-punisher-the-cleansing-light?xid=piae178953-29f8-45a5-b0c6-5b2f6995483a&page=1;None
100159991053801505396040558146932228692;"Critical Blow";"bt22";"Paikuhan, Other World Expert";BT22-110;Common;http://tcgplayer.com/product/512106/dragon-ball-super-ccg-critical-blow-paikuhan-other-world-expert?xid=piae178953-29f8-45a5-b0c6-5b2f6995483a&page=1;None
34263373031630817799592217931195919944;"Critical Blow";"bt22";"Magenta, Emergency Armament";BT22-028;Common;http://tcgplayer.com/product/509618/dragon-ball-super-ccg-critical-blow-magenta-emergency-armament?xid=piae178953-29f8-45a5-b0c6-5b2f6995483a&page=1;None
56176074000643210940535046600493657719;"Critical Blow";"bt22";"SS Son Goten, Building Up Power";BT22-069;Common;http://tcgplayer.com/product/507935/dragon-ball-super-ccg-critical-blow-ss-son-goten-building-up-power?xid=piae178953-29f8-45a5-b0c6-5b2f6995483a&page=1;None
284617314063270149709832911117538033128;"Critical Blow";"bt22";"Janemba, Unapproachable Power";BT22-045;Rare;http://tcgplayer.com/product/511860/dragon-ball-super-ccg-critical-blow-janemba-unapproachable-power?xid=piae178953-29f8-45a5-b0c6-5b2f6995483a&page=1;None
306759512797437045656772819375128563430;"Critical Blow";"bt22";"Mercenary Tao, an Assassin to Overcome";BT22-100;Common;http://tcgplayer.com/product/510047/dragon-ball-super-ccg-critical-blow-mercenary-tao-an-assassin-to-overcome?xid=piae178953-29f8-45a5-b0c6-5b2f6995483a&page=1;None
178859717542144107490937546044908156876;"Critical Blow";"bt22";"SS Son Goku, Emotions Delivered";BT22-057;Rare;http://tcgplayer.com/product/508764/dragon-ball-super-ccg-critical-blow-ss-son-goku-emotions-delivered?xid=piae178953-29f8-45a5-b0c6-5b2f6995483a&page=1;None
200116950870524148961419499499205878783;"Critical Blow";"bt22";"Son Goku, Days of Adventure";BT22-089;Rare;http://tcgplayer.com/product/510041/dragon-ball-super-ccg-critical-blow-son-goku-days-of-adventure?xid=piae178953-29f8-45a5-b0c6-5b2f6995483a&page=1;None
74403436382869603643635892622804552057;"Critical Blow";"bt22";"Janemba, Unexpected Appearance";BT22-046;Rare;http://tcgplayer.com/product/511861/dragon-ball-super-ccg-critical-blow-janemba-unexpected-appearance?xid=piae178953-29f8-45a5-b0c6-5b2f6995483a&page=1;None
266225794576442536310425586987442132971;"Critical Blow";"bt22";"Dr. Hedo's Laboratory";BT22-008;Uncommon;http://tcgplayer.com/product/509477/dragon-ball-super-ccg-critical-blow-dr-hedos-laboratory?xid=piae178953-29f8-45a5-b0c6-5b2f6995483a&page=1;None
294334257467934081165447368598316360682;"Critical Blow";"bt22";"Fu, Supreme Intellect";BT22-126;Common;http://tcgplayer.com/product/510928/dragon-ball-super-ccg-critical-blow-fu-supreme-intellect?xid=piae178953-29f8-45a5-b0c6-5b2f6995483a&page=1;None
11941314964192393749796960826438113735;"Critical Blow";"bt22";"SS Son Gohan, Released Power";BT22-063;Rare;http://tcgplayer.com/product/508783/dragon-ball-super-ccg-critical-blow-ss-son-gohan-released-power?xid=piae178953-29f8-45a5-b0c6-5b2f6995483a&page=1;None
338053821607356712735680678590182517736;"Critical Blow";"bt22";"Hire-Dragon, Carrying a Friend";BT22-106;Common;http://tcgplayer.com/product/510961/dragon-ball-super-ccg-critical-blow-hire-dragon-carrying-a-friend?xid=piae178953-29f8-45a5-b0c6-5b2f6995483a&page=1;None
103901387048701665100173092411842868041;"Critical Blow";"bt22";"Upa";BT22-094;Common;http://tcgplayer.com/product/510026/dragon-ball-super-ccg-critical-blow-upa?xid=piae178953-29f8-45a5-b0c6-5b2f6995483a&page=1;None
318704794770002102295094567415073656908;"Critical Blow";"bt22";"SS Gogeta, Light Shining Through Hell";BT22-033;Uncommon;http://tcgplayer.com/product/512065/dragon-ball-super-ccg-critical-blow-ss-gogeta-light-shining-through-hell?xid=piae178953-29f8-45a5-b0c6-5b2f6995483a&page=1;None
156274150997394713911250074540673102196;"Critical Blow";"bt22";"Mercenary Tao";BT22-099;Common;http://tcgplayer.com/product/510028/dragon-ball-super-ccg-critical-blow-mercenary-tao?xid=piae178953-29f8-45a5-b0c6-5b2f6995483a&page=1;None
224985808476456275249648405169209081446;"Critical Blow";"bt22";"Son Goku, Intense Headbutt";BT22-090;Common;http://tcgplayer.com/product/510925/dragon-ball-super-ccg-critical-blow-son-goku-intense-headbutt?xid=piae178953-29f8-45a5-b0c6-5b2f6995483a&page=1;None
20189778938881548076133843087391322094;"Critical Blow";"bt22";"SS Son Gohan & Pan, Strong Father and Daughter";BT22-012;Common;http://tcgplayer.com/product/509451/dragon-ball-super-ccg-critical-blow-ss-son-gohan-and-pan-strong-father-and-daughter?xid=piae178953-29f8-45a5-b0c6-5b2f6995483a&page=1;None
68695838395241010433985275390615136601;"Critical Blow";"bt22";"Master Roshi, Turtle school Patriarch";BT22-062;Common;http://tcgplayer.com/product/508780/dragon-ball-super-ccg-critical-blow-master-roshi-turtle-school-patriarch?xid=pi3487f34e-0a12-48e4-a982-79502b8f4895&page=1;None
131925749910767639388154184662856348251;"Critical Blow";"bt22";"SS Son Gohan & SS Son Goten, Emotions Delivered (SPR)";BT22-066;Special Rare;http://tcgplayer.com/product/509685/dragon-ball-super-ccg-critical-blow-ss-son-gohan-and-ss-son-goten-emotions-delivered-spr?xid=pi3487f34e-0a12-48e4-a982-79502b8f4895&page=1;None
118920651274867977541952037550986518981;"Critical Blow";"bt22";"Janemba, Pure Evil";BT22-034;Rare;http://tcgplayer.com/product/511855/dragon-ball-super-ccg-critical-blow-janemba-pure-evil?xid=pi3487f34e-0a12-48e4-a982-79502b8f4895&page=1;None
258747212814013460694298521673112907001;"Critical Blow";"bt22";"Upa, Father Revived";BT22-095;Common;http://tcgplayer.com/product/510049/dragon-ball-super-ccg-critical-blow-upa-father-revived?xid=pi3487f34e-0a12-48e4-a982-79502b8f4895&page=1;None
256498614116282541540209426311110792676;"Critical Blow";"bt22";"Son Gohan // Son Gohan, Unfaltering Power";BT22-001;Uncommon;http://tcgplayer.com/product/509215/dragon-ball-super-ccg-critical-blow-son-gohan-son-gohan-unfaltering-power?xid=pi3487f34e-0a12-48e4-a982-79502b8f4895&page=1;None
241878446170325396199784873250890866076;"Critical Blow";"bt22";"Son Gohan, Unpredicted Blow";BT22-083;Rare;http://tcgplayer.com/product/510905/dragon-ball-super-ccg-critical-blow-son-gohan-unpredicted-blow?xid=pi3487f34e-0a12-48e4-a982-79502b8f4895&page=1;None
241459563386139285353591381697425827890;"Critical Blow";"bt22";"Krillin & Yamcha, Turtle School Experts";BT22-061;Common;http://tcgplayer.com/product/508776/dragon-ball-super-ccg-critical-blow-krillin-and-yamcha-turtle-school-experts?xid=pi3487f34e-0a12-48e4-a982-79502b8f4895&page=1;None
292663153011947579656576755642255570435;"Critical Blow";"bt22";"Fu, Fighting Enthusiast Treatment";BT22-117;Uncommon;http://tcgplayer.com/product/510924/dragon-ball-super-ccg-critical-blow-fu-fighting-enthusiast-treatment?xid=pi3487f34e-0a12-48e4-a982-79502b8f4895&page=1;None
261283294049722486405543467543389612397;"Critical Blow";"bt22";"Janemba, Blinding Attack Fury";BT22-044;Common;http://tcgplayer.com/product/511859/dragon-ball-super-ccg-critical-blow-janemba-blinding-attack-fury?xid=pi3487f34e-0a12-48e4-a982-79502b8f4895&page=1;None
230178616375557815180959518651879953368;"Critical Blow";"bt22";"Lightning Shower Rain";BT22-038;Uncommon;http://tcgplayer.com/product/511714/dragon-ball-super-ccg-critical-blow-lightning-shower-rain?xid=pi3487f34e-0a12-48e4-a982-79502b8f4895&page=1;None
161675495934983585170240048738184464256;"Critical Blow";"bt22";"Fortuneteller Baba, Seeing the Future";BT22-093;Rare;http://tcgplayer.com/product/510958/dragon-ball-super-ccg-critical-blow-fortuneteller-baba-seeing-the-future?xid=pi3487f34e-0a12-48e4-a982-79502b8f4895&page=1;None
290801028270529975265989797018470140087;"Critical Blow";"bt22";"Battle With the Red Ribbon Army";BT22-006;Uncommon;http://tcgplayer.com/product/509218/dragon-ball-super-ccg-critical-blow-battle-with-the-red-ribbon-army?xid=pi3487f34e-0a12-48e4-a982-79502b8f4895&page=1;None
124681893851583368313978965106100468486;"Critical Blow";"bt22";"Fu, a Scheme Set Into Motion";BT22-125;Common;http://tcgplayer.com/product/510938/dragon-ball-super-ccg-critical-blow-fu-a-scheme-set-into-motion?xid=pi3487f34e-0a12-48e4-a982-79502b8f4895&page=1;None
328036827620639199664273461546784529087;"Critical Blow";"bt22";"Draculaman, a Challenging Warrior";BT22-101;Common;http://tcgplayer.com/product/510160/dragon-ball-super-ccg-critical-blow-draculaman-a-challenging-warrior?xid=pi3487f34e-0a12-48e4-a982-79502b8f4895&page=1;None
133542182957143261931265692429536543423;"Critical Blow";"bt22";"Fu, Marking the Next Move";BT22-124;Common;http://tcgplayer.com/product/510935/dragon-ball-super-ccg-critical-blow-fu-marking-the-next-move?xid=pi3487f34e-0a12-48e4-a982-79502b8f4895&page=1;None
217390302225719291414577939086889083462;"Critical Blow";"bt22";"Bandages, a Challenging Warrior";BT22-103;Rare;http://tcgplayer.com/product/510164/dragon-ball-super-ccg-critical-blow-bandages-a-challenging-warrior?xid=pi3487f34e-0a12-48e4-a982-79502b8f4895&page=1;None
105252344413391318321689844878584456103;"Critical Blow";"bt22";"Korin, Legendary Hermit Cat";BT22-097;Common;http://tcgplayer.com/product/510042/dragon-ball-super-ccg-critical-blow-korin-legendary-hermit-cat?xid=pi3487f34e-0a12-48e4-a982-79502b8f4895&page=1;None
152725281719534537137294200169798641949;"Critical Blow";"bt22";"SS Broly, All-Transcending Devil";BT22-056;Uncommon;http://tcgplayer.com/product/507818/dragon-ball-super-ccg-critical-blow-ss-broly-all-transcending-devil?xid=pi3487f34e-0a12-48e4-a982-79502b8f4895&page=1;None
124874954068995977142597353670792001759;"Critical Blow";"bt22";"Demonic Blade";BT22-036;Uncommon;http://tcgplayer.com/product/511689/dragon-ball-super-ccg-critical-blow-demonic-blade?xid=pi3487f34e-0a12-48e4-a982-79502b8f4895&page=1;None
261516324416312042921061460538195965052;"Critical Blow";"bt22";"Janemba, Precursor to a Devil";BT22-048;Common;http://tcgplayer.com/product/511730/dragon-ball-super-ccg-critical-blow-janemba-precursor-to-a-devil?xid=pi3487f34e-0a12-48e4-a982-79502b8f4895&page=1;None
105890792765302086560063694048300432987;"Critical Blow";"bt22";"Janemba, Innocent Precursor";BT22-047;Common;http://tcgplayer.com/product/511724/dragon-ball-super-ccg-critical-blow-janemba-innocent-precursor?xid=pi3487f34e-0a12-48e4-a982-79502b8f4895&page=1;None
335440989829284233292096908081662600545;"Critical Blow";"bt22";"Dimensional Hole";BT22-037;Uncommon;http://tcgplayer.com/product/511706/dragon-ball-super-ccg-critical-blow-dimensional-hole?xid=pi3487f34e-0a12-48e4-a982-79502b8f4895&page=1;None
205839016042920268833528418283618479657;"Critical Blow";"bt22";"Son Gohan & Hire-Dragon, a place for a Friend";BT22-105;Common;http://tcgplayer.com/product/510962/dragon-ball-super-ccg-critical-blow-son-gohan-and-hire-dragon-a-place-for-a-friend?xid=pi5329cc35-7ac3-4cb6-a480-324d2cce4365&page=1;None
326520665550753193727269536356381969348;"Critical Blow";"bt22";"Spike, a Challenging Warrior";BT22-104;Rare;http://tcgplayer.com/product/510170/dragon-ball-super-ccg-critical-blow-spike-a-challenging-warrior?xid=pi5329cc35-7ac3-4cb6-a480-324d2cce4365&page=1;None
236604512204006362839616057181097535852;"Critical Blow";"bt22";"Piccolo, With a New Student";BT22-017;Common;http://tcgplayer.com/product/509447/dragon-ball-super-ccg-critical-blow-piccolo-with-a-new-student?xid=pi5329cc35-7ac3-4cb6-a480-324d2cce4365&page=1;None
315859946374311276292045068680745717774;"Critical Blow";"bt22";"Korin, Teacher of Fighting";BT22-084;Common;http://tcgplayer.com/product/510024/dragon-ball-super-ccg-critical-blow-korin-teacher-of-fighting?xid=pi5329cc35-7ac3-4cb6-a480-324d2cce4365&page=1;None
195129153022224697990971709426688015205;"Critical Blow";"bt22";"SS Gogeta, Fusion Reborn";BT22-140;Secret Rare;http://tcgplayer.com/product/512113/dragon-ball-super-ccg-critical-blow-ss-gogeta-fusion-reborn?xid=pi5329cc35-7ac3-4cb6-a480-324d2cce4365&page=1;None
117604787616069720274528865943659564554;"Critical Blow";"bt22";"Suke San, a Challenging Warrior";BT22-102;Common;http://tcgplayer.com/product/510169/dragon-ball-super-ccg-critical-blow-suke-san-a-challenging-warrior?xid=pi5329cc35-7ac3-4cb6-a480-324d2cce4365&page=1;None
156144430519647044455081084943131371423;"Critical Blow";"bt22";"Son Goku // Son Goku & Vegeta, Tag Team in Hell";BT22-031;Uncommon;http://tcgplayer.com/product/511942/dragon-ball-super-ccg-critical-blow-son-goku-son-goku-and-vegeta-tag-team-in-hell?xid=pi5329cc35-7ac3-4cb6-a480-324d2cce4365&page=1;None
26312220990590524637872593206307840279;"Critical Blow";"bt22";"Crystal Gazing";BT22-114;Common;http://tcgplayer.com/product/510965/dragon-ball-super-ccg-critical-blow-crystal-gazing?xid=pi5329cc35-7ac3-4cb6-a480-324d2cce4365&page=1;None
232674133826407998432530783577300594492;"Critical Blow";"bt22";"Trunks";BT22-109;Common;http://tcgplayer.com/product/512104/dragon-ball-super-ccg-critical-blow-trunks?xid=pi5329cc35-7ac3-4cb6-a480-324d2cce4365&page=1;None
76655784014210555189087746237739670420;"Critical Blow";"bt22";"Janemba";BT22-049;Common;http://tcgplayer.com/product/511862/dragon-ball-super-ccg-critical-blow-janemba?xid=pi5329cc35-7ac3-4cb6-a480-324d2cce4365&page=1;None
294701079126211942353389385784585858400;"Critical Blow";"bt22";"Devilmite Beam";BT22-087;Uncommon;http://tcgplayer.com/product/510165/dragon-ball-super-ccg-critical-blow-devilmite-beam?xid=pi5329cc35-7ac3-4cb6-a480-324d2cce4365&page=1;None
157965784257935268547647127627916580842;"Critical Blow";"bt22";"Janemba // Janemba, Silent Demon";BT22-032;Uncommon;http://tcgplayer.com/product/511678/dragon-ball-super-ccg-critical-blow-janemba-janemba-silent-demon?xid=pi5329cc35-7ac3-4cb6-a480-324d2cce4365&page=1;None
42508067405436428222930705923366520333;"Critical Blow";"bt22";"Saike Demon, Neglect of Duty";BT22-050;Common;http://tcgplayer.com/product/511733/dragon-ball-super-ccg-critical-blow-saike-demon-neglect-of-duty?xid=pi5329cc35-7ac3-4cb6-a480-324d2cce4365&page=1;None
325986011239394245660486430157732532336;"Critical Blow";"bt22";"Great Saiyaman, Protecting Worldly Life";BT22-041;Uncommon;http://tcgplayer.com/product/512097/dragon-ball-super-ccg-critical-blow-great-saiyaman-protecting-worldly-life?xid=pi5329cc35-7ac3-4cb6-a480-324d2cce4365&page=1;None
54213167786295882544587447071851973498;"Critical Blow";"bt22";"Barrier Around Check-In Station";BT22-053;Common;http://tcgplayer.com/product/511736/dragon-ball-super-ccg-critical-blow-barrier-around-check-in-station?xid=pi5329cc35-7ac3-4cb6-a480-324d2cce4365&page=1;None
17030981794251299616601412075756275138;"Critical Blow";"bt22";"Mercenary Tao, Cool Extortion";BT22-085;Rare;http://tcgplayer.com/product/510025/dragon-ball-super-ccg-critical-blow-mercenary-tao-cool-extortion?xid=pi5329cc35-7ac3-4cb6-a480-324d2cce4365&page=1;None
210492632221486401729506980588939018525;"Critical Blow";"bt22";"Shenron, Wish Dragon";BT22-098;Common;http://tcgplayer.com/product/510044/dragon-ball-super-ccg-critical-blow-shenron-wish-dragon?xid=pi5329cc35-7ac3-4cb6-a480-324d2cce4365&page=1;None
208893815467234641350740361160850080389;"Critical Blow";"bt22";"Broly & Paragus // SS Broly, Devil of Destruction";BT22-055;Uncommon;http://tcgplayer.com/product/508025/dragon-ball-super-ccg-critical-blow-broly-and-paragus-ss-broly-devil-of-destruction?xid=pi5329cc35-7ac3-4cb6-a480-324d2cce4365&page=1;None
327480458642780094644628232850747151007;"Critical Blow";"bt22";"Whis, Perfect Support";BT22-052;Common;http://tcgplayer.com/product/511858/dragon-ball-super-ccg-critical-blow-whis-perfect-support?xid=pi5329cc35-7ac3-4cb6-a480-324d2cce4365&page=1;None
118855124778563001741645690178144601308;"Critical Blow";"bt22";"Focused Barrage";BT22-030;Common;http://tcgplayer.com/product/509439/dragon-ball-super-ccg-critical-blow-focused-barrage?xid=pi5329cc35-7ac3-4cb6-a480-324d2cce4365&page=1;None
302897867234329478931011386573024499016;"Critical Blow";"bt22";"Bio-Broly, Out of Control Monster";BT22-072;Common;http://tcgplayer.com/product/507877/dragon-ball-super-ccg-critical-blow-bio-broly-out-of-control-monster?xid=pi5329cc35-7ac3-4cb6-a480-324d2cce4365&page=1;None
173579610810992899017991619024477433096;"Critical Blow";"bt22";"Sacred Water";BT22-111;Common;http://tcgplayer.com/product/510039/dragon-ball-super-ccg-critical-blow-sacred-water?xid=pic37ca367-5470-49be-8b21-90f3f4b414c1&page=1;None
294668540013618503168307121422632708350;"Critical Blow";"bt22";"Son Goten";BT22-042;Common;http://tcgplayer.com/product/512101/dragon-ball-super-ccg-critical-blow-son-goten?xid=pic37ca367-5470-49be-8b21-90f3f4b414c1&page=1;None
253884030990082497163842369131595636411;"Critical Blow";"bt22";"Fortuneteller Baba's Palace";BT22-113;Common;http://tcgplayer.com/product/510166/dragon-ball-super-ccg-critical-blow-fortuneteller-babas-palace?xid=pic37ca367-5470-49be-8b21-90f3f4b414c1&page=1;None
247098609802390934682959751770840877357;"Critical Blow";"bt22";"Great Ape Cumber, Golden Wickedness Amplified";BT22-139;Secret Rare;http://tcgplayer.com/product/514216/dragon-ball-super-ccg-critical-blow-great-ape-cumber-golden-wickedness-amplified?xid=pic37ca367-5470-49be-8b21-90f3f4b414c1&page=1;None
113778718414326818399646760614133039383;"Critical Blow";"bt22";"Son Goku";BT22-119;Common;http://tcgplayer.com/product/510940/dragon-ball-super-ccg-critical-blow-son-goku?xid=pic37ca367-5470-49be-8b21-90f3f4b414c1&page=1;None
260171998852829686276103937021362543928;"Critical Blow";"bt22";"Eliminating a Nuisance";BT22-131;Common;http://tcgplayer.com/product/510970/dragon-ball-super-ccg-critical-blow-eliminating-a-nuisance?xid=pic37ca367-5470-49be-8b21-90f3f4b414c1&page=1;None
240664401037407517959271050644291667617;"Critical Blow";"bt22";"Fu's Laboratory";BT22-118;Uncommon;http://tcgplayer.com/product/510913/dragon-ball-super-ccg-critical-blow-fus-laboratory?xid=pic37ca367-5470-49be-8b21-90f3f4b414c1&page=1;None
62401194453883893325361339699649472853;"Critical Blow";"bt22";"Fu // Super Fu, Heinous Commander";BT22-115;Uncommon;http://tcgplayer.com/product/510922/dragon-ball-super-ccg-critical-blow-fu-super-fu-heinous-commander?xid=pic37ca367-5470-49be-8b21-90f3f4b414c1&page=1;None
190838826509102393091522284235310029213;"Critical Blow";"bt22";"Dr. Hedo // Dr Hedo, Admiration for Heroes";BT22-002;Uncommon;http://tcgplayer.com/product/509469/dragon-ball-super-ccg-critical-blow-dr-hedo-dr-hedo-admiration-for-heroes?xid=pic37ca367-5470-49be-8b21-90f3f4b414c1&page=1;None
318930668766111974053310285584589696399;"Critical Blow";"bt22";"Jaguar's Island";BT22-080;Common;http://tcgplayer.com/product/507972/dragon-ball-super-ccg-critical-blow-jaguars-island?xid=pic37ca367-5470-49be-8b21-90f3f4b414c1&page=1;None
101466292634160086018150595731114726778;"Critical Blow";"bt22";"Bio Warrior, Artificial Beings";BT22-077;Common;http://tcgplayer.com/product/507926/dragon-ball-super-ccg-critical-blow-bio-warrior-artificial-beings?xid=pic37ca367-5470-49be-8b21-90f3f4b414c1&page=1;None
268427621361413637413009769656044911775;"Critical Blow";"bt22";"Fortuneteller Baba // Fortuneteller Baba & Son Gohan, Battle Observation";BT22-082;Uncommon;http://tcgplayer.com/product/510172/dragon-ball-super-ccg-critical-blow-fortuneteller-baba-fortuneteller-baba-and-son-gohan-battle-observation?xid=pic37ca367-5470-49be-8b21-90f3f4b414c1&page=1;None
246712405486520851078270545124474065795;"Critical Blow";"bt22";"Son Goten // SS Son Gohan & SS Son Goten, Brothers";BT22-054;Uncommon;http://tcgplayer.com/product/508020/dragon-ball-super-ccg-critical-blow-son-goten-ss-son-gohan-and-ss-son-goten-brothers?xid=pic37ca367-5470-49be-8b21-90f3f4b414c1&page=1;None
323249314124302134358172558006302660768;"Critical Blow";"bt22";"Grandpa's Heirloom, the Four Star Ball (SPR)";BT22-112;Special Rare;http://tcgplayer.com/product/510966/dragon-ball-super-ccg-critical-blow-grandpas-heirloom-the-four-star-ball-spr?xid=pic37ca367-5470-49be-8b21-90f3f4b414c1&page=1;None
210835591546170544832928507733435559939;"Critical Blow";"bt22";"Vegeta, Combined Offense and Defense";BT22-120;Uncommon;http://tcgplayer.com/product/510929/dragon-ball-super-ccg-critical-blow-vegeta-combined-offense-and-defense?xid=pic37ca367-5470-49be-8b21-90f3f4b414c1&page=1;None
308039892450434607314446757907146838725;"Critical Blow";"bt22";"Son Goku // Son Goku & Korin, Martial Discipline";BT22-081;Uncommon;http://tcgplayer.com/product/510032/dragon-ball-super-ccg-critical-blow-son-goku-son-goku-and-korin-martial-discipline?xid=pic37ca367-5470-49be-8b21-90f3f4b414c1&page=1;None
60766265460406926147985008455541001332;"Critical Blow";"bt22";"SS Gogeta, Fusion Reborn (GDR)";BT22-140;God Rare;http://tcgplayer.com/product/513113/dragon-ball-super-ccg-critical-blow-ss-gogeta-fusion-reborn-gdr?xid=pic37ca367-5470-49be-8b21-90f3f4b414c1&page=1;None
