6178438870437927295742261283650474017;"Galactic Battle";"bt1";"Bulma, God Tempter";BT1-040;Common;http://tcgplayer.com/product/137488/dragon-ball-super-ccg-galactic-battle-bulma-god-tempter?xid=pi2bca5149-6184-4132-91a5-21e31e52abfd&page=1;None
134385137385661493110755960049396287106;"Galactic Battle";"bt1";"Furthering Destruction Champa";BT1-005;Uncommon;http://tcgplayer.com/product/137369/dragon-ball-super-ccg-galactic-battle-furthering-destruction-champa?xid=pi2bca5149-6184-4132-91a5-21e31e52abfd&page=1;None
112253811743739013202057632381508508864;"Galactic Battle";"bt1";"Whis, Judge of the Gods";BT1-043;Rare;http://tcgplayer.com/product/137492/dragon-ball-super-ccg-galactic-battle-whis-judge-of-the-gods?xid=pi2bca5149-6184-4132-91a5-21e31e52abfd&page=1;None
230196768008315112462767995296896455889;"Galactic Battle";"bt1";"Broly, The Rampaging Horror";BT1-073;Super Rare;http://tcgplayer.com/product/137976/dragon-ball-super-ccg-galactic-battle-broly-the-rampaging-horror?xid=pi2bca5149-6184-4132-91a5-21e31e52abfd&page=1;None
332363036161575695864170686799342526996;"Galactic Battle";"bt1";"Vegeta";BT1-038;Common;http://tcgplayer.com/product/137485/dragon-ball-super-ccg-galactic-battle-vegeta?xid=pi2bca5149-6184-4132-91a5-21e31e52abfd&page=1;None
241951718193235755735132624823303080836;"Galactic Battle";"bt1";"Senzu Bean";BT1-053;Common;http://tcgplayer.com/product/137502/dragon-ball-super-ccg-galactic-battle-senzu-bean-2017?xid=pi2bca5149-6184-4132-91a5-21e31e52abfd&page=1;None
211221771617331891577597211678663007766;"Galactic Battle";"bt1";"Broly, Dawn of the Rampage";BT1-076;Common;http://tcgplayer.com/product/137979/dragon-ball-super-ccg-galactic-battle-broly-dawn-of-the-rampage-2017?xid=pi2bca5149-6184-4132-91a5-21e31e52abfd&page=1;None
96482748044701077495784944039343398802;"Galactic Battle";"bt1";"Energy Boosted Majin Buu";BT1-047;Common;http://tcgplayer.com/product/137496/dragon-ball-super-ccg-galactic-battle-energy-boosted-majin-buu?xid=pi2bca5149-6184-4132-91a5-21e31e52abfd&page=1;None
81036847005557826932169758484651852747;"Galactic Battle";"bt1";"Ultimate Judgment Jaco";BT1-048;Common;http://tcgplayer.com/product/137497/dragon-ball-super-ccg-galactic-battle-ultimate-judgment-jaco?xid=pi2bca5149-6184-4132-91a5-21e31e52abfd&page=1;None
285750781403215685644409625270971909405;"Galactic Battle";"bt1";"Slasher Trunks";BT1-068;Common;http://tcgplayer.com/product/137969/dragon-ball-super-ccg-galactic-battle-slasher-trunks?xid=pi2bca5149-6184-4132-91a5-21e31e52abfd&page=1;None
244143057555811528108814563598047378243;"Galactic Battle";"bt1";"Whis's Coercion";BT1-055;Common;http://tcgplayer.com/product/137504/dragon-ball-super-ccg-galactic-battle-whiss-coercion?xid=pi2bca5149-6184-4132-91a5-21e31e52abfd&page=1;None
161215437509188932144508003733102678443;"Galactic Battle";"bt1";"Encouraging Presence Monaka";BT1-054;Common;http://tcgplayer.com/product/137503/dragon-ball-super-ccg-galactic-battle-encouraging-presence-monaka?xid=pi2bca5149-6184-4132-91a5-21e31e52abfd&page=1;None
152308711505488406141451442201856430296;"Galactic Battle";"bt1";"Overflowing Spirit SSGSS Son Goku";BT1-032;Uncommon;http://tcgplayer.com/product/137478/dragon-ball-super-ccg-galactic-battle-overflowing-spirit-ssgss-son-goku?xid=pi2bca5149-6184-4132-91a5-21e31e52abfd&page=1;None
296396368087867989348433504940869475865;"Galactic Battle";"bt1";"Whis, The Resting Attendant";BT1-044;Uncommon;http://tcgplayer.com/product/137493/dragon-ball-super-ccg-galactic-battle-whis-the-resting-attendant?xid=pi2bca5149-6184-4132-91a5-21e31e52abfd&page=1;None
170863566915121331655968040670898907955;"Galactic Battle";"bt1";"Energy Boost Beerus";BT1-042;Uncommon;http://tcgplayer.com/product/137490/dragon-ball-super-ccg-galactic-battle-energy-boost-beerus?xid=pi2bca5149-6184-4132-91a5-21e31e52abfd&page=1;None
249823460054407037781676889466302061878;"Galactic Battle";"bt1";"Kind Saiyan Son Goku";BT1-033;Common;http://tcgplayer.com/product/137479/dragon-ball-super-ccg-galactic-battle-kind-saiyan-son-goku?xid=pi2bca5149-6184-4132-91a5-21e31e52abfd&page=1;None
317066397996416963412655437075862533620;"Galactic Battle";"bt1";"Lightning-fast Hit";BT1-011;Super Rare;http://tcgplayer.com/product/137375/dragon-ball-super-ccg-galactic-battle-lightning-fast-hit?xid=pi2bca5149-6184-4132-91a5-21e31e52abfd&page=1;None
1133770842333594384335765047648695787;"Galactic Battle";"bt1";"God Break Son Goku";BT1-031;Super Rare;http://tcgplayer.com/product/137477/dragon-ball-super-ccg-galactic-battle-god-break-son-goku?xid=pi2bca5149-6184-4132-91a5-21e31e52abfd&page=1;None
294290583249695981423175437690441778965;"Galactic Battle";"bt1";"Assailant Vegeta";BT1-037;Uncommon;http://tcgplayer.com/product/137483/dragon-ball-super-ccg-galactic-battle-assailant-vegeta?xid=pi2bca5149-6184-4132-91a5-21e31e52abfd&page=1;None
340095946286179186681780300682074822751;"Galactic Battle";"bt1";"Raging Attacker Vegeta";BT1-064;Rare;http://tcgplayer.com/product/137965/dragon-ball-super-ccg-galactic-battle-raging-attacker-vegeta?xid=pi2bca5149-6184-4132-91a5-21e31e52abfd&page=1;None
227235038422101029455067435481174074783;"Galactic Battle";"bt1";"Boost Attack Piccolo";BT1-045;Common;http://tcgplayer.com/product/137494/dragon-ball-super-ccg-galactic-battle-boost-attack-piccolo?xid=pi2bca5149-6184-4132-91a5-21e31e52abfd&page=1;None
290085982984857159600450344257427124732;"Galactic Battle";"bt1";"Objection";BT1-052;Common;http://tcgplayer.com/product/137501/dragon-ball-super-ccg-galactic-battle-objection?xid=pi2bca5149-6184-4132-91a5-21e31e52abfd&page=1;None
15283980202094966580071503502709158073;"Galactic Battle";"bt1";"Awakening Rage Son Goku";BT1-059;Super Rare;http://tcgplayer.com/product/137960/dragon-ball-super-ccg-galactic-battle-awakening-rage-son-goku?xid=pi2bca5149-6184-4132-91a5-21e31e52abfd&page=1;None
240866690853501682229164242840498487639;"Galactic Battle";"bt1";"Rampaging Super Saiyan Broly";BT1-075;Common;http://tcgplayer.com/product/137978/dragon-ball-super-ccg-galactic-battle-rampaging-super-saiyan-broly?xid=pib429259d-8a43-4e0d-b422-8176588f2268&page=1;None
88276510257283367133038515991763939412;"Galactic Battle";"bt1";"Destructive Terror Champa";BT1-004;Super Rare;http://tcgplayer.com/product/137368/dragon-ball-super-ccg-galactic-battle-destructive-terror-champa?xid=pib429259d-8a43-4e0d-b422-8176588f2268&page=1;None
579566041889739866428424326475460767;"Galactic Battle";"bt1";"Full Power Energy";BT1-080;Common;http://tcgplayer.com/product/137985/dragon-ball-super-ccg-galactic-battle-full-power-energy?xid=pib429259d-8a43-4e0d-b422-8176588f2268&page=1;None
4718780976432793741283329444077443062;"Galactic Battle";"bt1";"Furious Yell Vegeta";BT1-065;Uncommon;http://tcgplayer.com/product/137966/dragon-ball-super-ccg-galactic-battle-furious-yell-vegeta?xid=pib429259d-8a43-4e0d-b422-8176588f2268&page=1;None
12847352013603910955809694353025256877;"Galactic Battle";"bt1";"Hit";BT1-012;Uncommon;http://tcgplayer.com/product/137376/dragon-ball-super-ccg-galactic-battle-hit?xid=pib429259d-8a43-4e0d-b422-8176588f2268&page=1;None
99844229088532683532206259941110003210;"Galactic Battle";"bt1";"Beerus, General of Demolition";BT1-041;Super Rare;http://tcgplayer.com/product/137489/dragon-ball-super-ccg-galactic-battle-beerus-general-of-demolition?xid=pib429259d-8a43-4e0d-b422-8176588f2268&page=1;None
323821395235282780377078117027930517709;"Galactic Battle";"bt1";"God Charge Vegeta";BT1-036;Rare;http://tcgplayer.com/product/137482/dragon-ball-super-ccg-galactic-battle-god-charge-vegeta?xid=pib429259d-8a43-4e0d-b422-8176588f2268&page=1;None
202315937121404615400731459915180572658;"Galactic Battle";"bt1";"Result of Training";BT1-051;Uncommon;http://tcgplayer.com/product/137500/dragon-ball-super-ccg-galactic-battle-result-of-training?xid=pib429259d-8a43-4e0d-b422-8176588f2268&page=1;None
197713782769301749242146929685304200004;"Galactic Battle";"bt1";"Unceasing Evolution Frost";BT1-016;Common;http://tcgplayer.com/product/137380/dragon-ball-super-ccg-galactic-battle-unceasing-evolution-frost?xid=pib429259d-8a43-4e0d-b422-8176588f2268&page=1;None
239813987928788070494114225571295005325;"Galactic Battle";"bt1";"Son Goten, Family of Justice";BT1-063;Common;http://tcgplayer.com/product/137964/dragon-ball-super-ccg-galactic-battle-son-goten-family-of-justice?xid=pib429259d-8a43-4e0d-b422-8176588f2268&page=1;None
337213337692460276899023471137761662757;"Galactic Battle";"bt1";"Guardian North Kai";BT1-050;Common;http://tcgplayer.com/product/137499/dragon-ball-super-ccg-galactic-battle-guardian-north-kai?xid=pib429259d-8a43-4e0d-b422-8176588f2268&page=1;None
234140805234969546185501789630446007567;"Galactic Battle";"bt1";"Trunks, Protector of Children";BT1-069;Common;http://tcgplayer.com/product/137970/dragon-ball-super-ccg-galactic-battle-trunks-protector-of-children?xid=pib429259d-8a43-4e0d-b422-8176588f2268&page=1;None
307200446809101369110832161154704553434;"Galactic Battle";"bt1";"Mecha-Frieza, The Returning Terror";BT1-090;Uncommon;http://tcgplayer.com/product/137997/dragon-ball-super-ccg-galactic-battle-mecha-frieza-the-returning-terror-2017?xid=pib429259d-8a43-4e0d-b422-8176588f2268&page=1;None
120470342606539326698803519758733660010;"Galactic Battle";"bt1";"Dodoria, The Emperor's Attendant";BT1-100;Common;http://tcgplayer.com/product/138019/dragon-ball-super-ccg-galactic-battle-dodoria-the-emperors-attendant?xid=pib429259d-8a43-4e0d-b422-8176588f2268&page=1;None
244389670488373347515410129229504836666;"Galactic Battle";"bt1";"Sorbet, The Loyal Commander";BT1-092;Uncommon;http://tcgplayer.com/product/137999/dragon-ball-super-ccg-galactic-battle-sorbet-the-loyal-commander?xid=pib429259d-8a43-4e0d-b422-8176588f2268&page=1;None
70664853535333633453422813290445548738;"Galactic Battle";"bt1";"Tenacious Vegeta";BT1-066;Common;http://tcgplayer.com/product/137967/dragon-ball-super-ccg-galactic-battle-tenacious-vegeta?xid=pib429259d-8a43-4e0d-b422-8176588f2268&page=1;None
51151052875457515846855588279427055720;"Galactic Battle";"bt1";"Divine Aide Vados";BT1-010;Common;http://tcgplayer.com/product/137374/dragon-ball-super-ccg-galactic-battle-divine-aide-vados?xid=pib429259d-8a43-4e0d-b422-8176588f2268&page=1;None
212014669288302060455389537922896416858;"Galactic Battle";"bt1";"Evolution Premonition Frost";BT1-017;Common;http://tcgplayer.com/product/137381/dragon-ball-super-ccg-galactic-battle-evolution-premonition-frost?xid=pib429259d-8a43-4e0d-b422-8176588f2268&page=1;None
297363911366394334108328178516267866462;"Galactic Battle";"bt1";"Terror Assault Frost";BT1-015;Uncommon;http://tcgplayer.com/product/137379/dragon-ball-super-ccg-galactic-battle-terror-assault-frost?xid=pib429259d-8a43-4e0d-b422-8176588f2268&page=1;None
288501871412915520982286040681447650299;"Galactic Battle";"bt1";"Bad Ring Laser";BT1-108;Common;http://tcgplayer.com/product/138032/dragon-ball-super-ccg-galactic-battle-bad-ring-laser?xid=pib429259d-8a43-4e0d-b422-8176588f2268&page=1;None
120159101023116095711635775117907597359;"Galactic Battle";"bt1";"Vegeta // Super Saiyan Blue Vegeta";BT1-028;Rare;http://tcgplayer.com/product/137463/dragon-ball-super-ccg-galactic-battle-vegeta-super-saiyan-blue-vegeta?xid=pib429259d-8a43-4e0d-b422-8176588f2268&page=1;None
182346936341754310258617988007196188657;"Galactic Battle";"bt1";"Saiyan Cabba";BT1-014;Common;http://tcgplayer.com/product/137378/dragon-ball-super-ccg-galactic-battle-saiyan-cabba-2017?xid=pib429259d-8a43-4e0d-b422-8176588f2268&page=1;None
54430196816288355095845885718923178122;"Galactic Battle";"bt1";"Energy Power Gotenks";BT1-071;Common;http://tcgplayer.com/product/137974/dragon-ball-super-ccg-galactic-battle-energy-power-gotenks?xid=pi3bce8468-769a-4187-8c01-cd4a320db73e&page=1;None
111691163866713043380314430777219218237;"Galactic Battle";"bt1";"Avenging Frieza";BT1-089;Common;http://tcgplayer.com/product/137996/dragon-ball-super-ccg-galactic-battle-avenging-frieza-2017?xid=pi3bce8468-769a-4187-8c01-cd4a320db73e&page=1;None
227706912268804560419569734896900021535;"Galactic Battle";"bt1";"Assassination Plot";BT1-024;Common;http://tcgplayer.com/product/137455/dragon-ball-super-ccg-galactic-battle-assassination-plot?xid=pi3bce8468-769a-4187-8c01-cd4a320db73e&page=1;None
323252296699968855607280362731058815152;"Galactic Battle";"bt1";"Human Shield Krillin";BT1-072;Common;http://tcgplayer.com/product/137975/dragon-ball-super-ccg-galactic-battle-human-shield-krillin?xid=pi3bce8468-769a-4187-8c01-cd4a320db73e&page=1;None
64054642704806608798892607706787862361;"Galactic Battle";"bt1";"Elite Force Captain Ginyu";BT1-095;Super Rare;http://tcgplayer.com/product/138002/dragon-ball-super-ccg-galactic-battle-elite-force-captain-ginyu?xid=pi3bce8468-769a-4187-8c01-cd4a320db73e&page=1;None
22671469114303070049110272352133224598;"Galactic Battle";"bt1";"Raging Cabba";BT1-013;Rare;http://tcgplayer.com/product/137377/dragon-ball-super-ccg-galactic-battle-raging-cabba?xid=pi3bce8468-769a-4187-8c01-cd4a320db73e&page=1;None
141928350431458102286115397244813621784;"Galactic Battle";"bt1";"Super Saiyan Gotenks";BT1-070;Rare;http://tcgplayer.com/product/137973/dragon-ball-super-ccg-galactic-battle-super-saiyan-gotenks?xid=pi3bce8468-769a-4187-8c01-cd4a320db73e&page=1;None
186852108608813601658715696164696312015;"Galactic Battle";"bt1";"Confident Botamo";BT1-018;Uncommon;http://tcgplayer.com/product/137433/dragon-ball-super-ccg-galactic-battle-confident-botamo?xid=pi3bce8468-769a-4187-8c01-cd4a320db73e&page=1;None
109897267273331633414946410571617631871;"Galactic Battle";"bt1";"Manipulating God Champa";BT1-007;Common;http://tcgplayer.com/product/137371/dragon-ball-super-ccg-galactic-battle-manipulating-god-champa?xid=pi3bce8468-769a-4187-8c01-cd4a320db73e&page=1;None
122999849244423462420677460194791594127;"Galactic Battle";"bt1";"Iron Wall Magetta";BT1-020;Uncommon;http://tcgplayer.com/product/137450/dragon-ball-super-ccg-galactic-battle-iron-wall-magetta?xid=pi3bce8468-769a-4187-8c01-cd4a320db73e&page=1;None
73346987185547552464642866880665602661;"Galactic Battle";"bt1";"Implacable Trunks";BT1-067;Uncommon;http://tcgplayer.com/product/137968/dragon-ball-super-ccg-galactic-battle-implacable-trunks?xid=pi3bce8468-769a-4187-8c01-cd4a320db73e&page=1;None
319339828349171349504339317642994301405;"Galactic Battle";"bt1";"Broly's Ring";BT1-081;Common;http://tcgplayer.com/product/137986/dragon-ball-super-ccg-galactic-battle-brolys-ring?xid=pi3bce8468-769a-4187-8c01-cd4a320db73e&page=1;None
307989978647061575714431475002501006133;"Galactic Battle";"bt1";"Cabba's Awakening";BT1-027;Common;http://tcgplayer.com/product/137460/dragon-ball-super-ccg-galactic-battle-cabbas-awakening-2017?xid=pi3bce8468-769a-4187-8c01-cd4a320db73e&page=1;None
125943743523004539542815195796145049968;"Galactic Battle";"bt1";"Rampaging Lifeform Bio-Broly";BT1-074;Uncommon;http://tcgplayer.com/product/137977/dragon-ball-super-ccg-galactic-battle-rampaging-lifeform-bio-broly?xid=pi3bce8468-769a-4187-8c01-cd4a320db73e&page=1;None
220501543346284091648441057232427758877;"Galactic Battle";"bt1";"Ginyu Force Guldo";BT1-099;Common;http://tcgplayer.com/product/138006/dragon-ball-super-ccg-galactic-battle-ginyu-force-guldo?xid=pi3bce8468-769a-4187-8c01-cd4a320db73e&page=1;None
176060200752403685792097757539779190568;"Galactic Battle";"bt1";"Golden Frieza, Resurrected Terror";BT1-086;Super Rare;http://tcgplayer.com/product/137993/dragon-ball-super-ccg-galactic-battle-golden-frieza-resurrected-terror?xid=pi3bce8468-769a-4187-8c01-cd4a320db73e&page=1;None
336060013184440801930301389112197229333;"Galactic Battle";"bt1";"Full-Power Frieza";BT1-087;Rare;http://tcgplayer.com/product/137994/dragon-ball-super-ccg-galactic-battle-full-power-frieza?xid=pi3bce8468-769a-4187-8c01-cd4a320db73e&page=1;None
193082781941870700041352504000572383855;"Galactic Battle";"bt1";"Crusher Ball";BT1-110;Common;http://tcgplayer.com/product/138034/dragon-ball-super-ccg-galactic-battle-crusher-ball?xid=pi3bce8468-769a-4187-8c01-cd4a320db73e&page=1;None
124481887714776762884626588743570511938;"Galactic Battle";"bt1";"Ginyu // Ginyu, The Malicious Transformation";BT1-085;Uncommon;http://tcgplayer.com/product/137990/dragon-ball-super-ccg-galactic-battle-ginyu-ginyu-the-malicious-transformation?xid=pi3bce8468-769a-4187-8c01-cd4a320db73e&page=1;None
148355070383188369367357725668339399323;"Galactic Battle";"bt1";"Paragus, Controller of Monsters";BT1-077;Common;http://tcgplayer.com/product/137980/dragon-ball-super-ccg-galactic-battle-paragus-controller-of-monsters?xid=pi3bce8468-769a-4187-8c01-cd4a320db73e&page=1;None
125871386734996294084716525003033153469;"Galactic Battle";"bt1";"Bewitching God Vados";BT1-008;Rare;http://tcgplayer.com/product/137372/dragon-ball-super-ccg-galactic-battle-bewitching-god-vados?xid=pi3bce8468-769a-4187-8c01-cd4a320db73e&page=1;None
316657906848407474369528416438263013369;"Galactic Battle";"bt1";"Broly // Broly, The Legendary Super Saiyan";BT1-057;Rare;http://tcgplayer.com/product/137515/dragon-ball-super-ccg-galactic-battle-broly-broly-the-legendary-super-saiyan?xid=pi3bce8468-769a-4187-8c01-cd4a320db73e&page=1;None
214480709828696447695331237188256618303;"Galactic Battle";"bt1";"King Cold, Father of the Emperor";BT1-091;Rare;http://tcgplayer.com/product/137998/dragon-ball-super-ccg-galactic-battle-king-cold-father-of-the-emperor?xid=picae9e756-1d91-41cf-8863-2937f3ae23fc&page=1;None
122107373308052704017389439412081059531;"Galactic Battle";"bt1";"Cui";BT1-105;Common;http://tcgplayer.com/product/138027/dragon-ball-super-ccg-galactic-battle-cui?xid=picae9e756-1d91-41cf-8863-2937f3ae23fc&page=1;None
116064569047571402566510054045480737755;"Galactic Battle";"bt1";"Vados's Assistance";BT1-025;Common;http://tcgplayer.com/product/137457/dragon-ball-super-ccg-galactic-battle-vadoss-assistance-2017?xid=picae9e756-1d91-41cf-8863-2937f3ae23fc&page=1;None
168417066808116825109665586173014993342;"Galactic Battle";"bt1";"Appule";BT1-102;Common;http://tcgplayer.com/product/138023/dragon-ball-super-ccg-galactic-battle-appule?xid=picae9e756-1d91-41cf-8863-2937f3ae23fc&page=1;None
226503115536643885179733031548750713381;"Galactic Battle";"bt1";"Scheming Champa";BT1-006;Common;http://tcgplayer.com/product/137370/dragon-ball-super-ccg-galactic-battle-scheming-champa?xid=picae9e756-1d91-41cf-8863-2937f3ae23fc&page=1;None
107315489343224401676242882819886766668;"Galactic Battle";"bt1";"Mighty Striker Son Gohan";BT1-034;Common;http://tcgplayer.com/product/137480/dragon-ball-super-ccg-galactic-battle-mighty-striker-son-gohan?xid=picae9e756-1d91-41cf-8863-2937f3ae23fc&page=1;None
287287927056414241981241572535973826623;"Galactic Battle";"bt1";"Overflowing Bio Warrior Army";BT1-078;Common;http://tcgplayer.com/product/137981/dragon-ball-super-ccg-galactic-battle-overflowing-bio-warrior-army?xid=picae9e756-1d91-41cf-8863-2937f3ae23fc&page=1;None
36021216987124598961853997385937286498;"Galactic Battle";"bt1";"Sui";BT1-103;Common;http://tcgplayer.com/product/138025/dragon-ball-super-ccg-galactic-battle-sui?xid=picae9e756-1d91-41cf-8863-2937f3ae23fc&page=1;None
40685393367648409354230731461823300151;"Galactic Battle";"bt1";"Son Goku";BT1-060;Common;http://tcgplayer.com/product/137961/dragon-ball-super-ccg-galactic-battle-son-goku?xid=picae9e756-1d91-41cf-8863-2937f3ae23fc&page=1;None
15927045004974278912209559086357616134;"Galactic Battle";"bt1";"Zarbon, The Emperor's Attendant";BT1-101;Common;http://tcgplayer.com/product/138022/dragon-ball-super-ccg-galactic-battle-zarbon-the-emperors-attendant-2017?xid=picae9e756-1d91-41cf-8863-2937f3ae23fc&page=1;None
240387244216782360206109487374027934351;"Galactic Battle";"bt1";"Botamo of Universe 6";BT1-019;Common;http://tcgplayer.com/product/137449/dragon-ball-super-ccg-galactic-battle-botamo-of-universe-6?xid=picae9e756-1d91-41cf-8863-2937f3ae23fc&page=1;None
189355454289812938626366418216871673395;"Galactic Battle";"bt1";"Son Gohan // Full Power Son Gohan";BT1-058;Uncommon;http://tcgplayer.com/product/137959/dragon-ball-super-ccg-galactic-battle-son-gohan-full-power-son-gohan?xid=picae9e756-1d91-41cf-8863-2937f3ae23fc&page=1;None
54548673295565992463754863351266807575;"Galactic Battle";"bt1";"Tagoma, The Loyal Warrior";BT1-093;Uncommon;http://tcgplayer.com/product/138000/dragon-ball-super-ccg-galactic-battle-tagoma-the-loyal-warrior?xid=picae9e756-1d91-41cf-8863-2937f3ae23fc&page=1;None
129006149576088366793216119429759815360;"Galactic Battle";"bt1";"Golden Frieza, Resurrected Terror (SPR)";BT1-086;Special Rare;http://tcgplayer.com/product/139087/dragon-ball-super-ccg-galactic-battle-golden-frieza-resurrected-terror-spr?xid=picae9e756-1d91-41cf-8863-2937f3ae23fc&page=1;None
2542063178266854593748006356976868931;"Galactic Battle";"bt1";"Kai Attendant of Universe 6";BT1-023;Common;http://tcgplayer.com/product/137454/dragon-ball-super-ccg-galactic-battle-kai-attendant-of-universe-6?xid=picae9e756-1d91-41cf-8863-2937f3ae23fc&page=1;None
275295623066256253772614666435708351541;"Galactic Battle";"bt1";"Ginyu Force Burter";BT1-097;Common;http://tcgplayer.com/product/138004/dragon-ball-super-ccg-galactic-battle-ginyu-force-burter?xid=picae9e756-1d91-41cf-8863-2937f3ae23fc&page=1;None
142489158030332123601150020060610350999;"Galactic Battle";"bt1";"Cold Bloodlust";BT1-107;Common;http://tcgplayer.com/product/138030/dragon-ball-super-ccg-galactic-battle-cold-bloodlust?xid=picae9e756-1d91-41cf-8863-2937f3ae23fc&page=1;None
215410649775262418764350522230455891540;"Galactic Battle";"bt1";"Son Gohan, Family of Justice";BT1-062;Common;http://tcgplayer.com/product/137963/dragon-ball-super-ccg-galactic-battle-son-gohan-family-of-justice?xid=picae9e756-1d91-41cf-8863-2937f3ae23fc&page=1;None
230697394811888115087135382571239790616;"Galactic Battle";"bt1";"Ginyu Force Recoome";BT1-096;Common;http://tcgplayer.com/product/138003/dragon-ball-super-ccg-galactic-battle-ginyu-force-recoome?xid=picae9e756-1d91-41cf-8863-2937f3ae23fc&page=1;None
306370803455135549227635106637643204390;"Galactic Battle";"bt1";"Champa // God of Destruction Champa";BT1-001;Rare;http://tcgplayer.com/product/137365/dragon-ball-super-ccg-galactic-battle-champa-god-of-destruction-champa?xid=picae9e756-1d91-41cf-8863-2937f3ae23fc&page=1;None
50443332177061148162746952035844608403;"Galactic Battle";"bt1";"Vados // Aide Vados";BT1-002;Uncommon;http://tcgplayer.com/product/137366/dragon-ball-super-ccg-galactic-battle-vados-aide-vados?xid=picae9e756-1d91-41cf-8863-2937f3ae23fc&page=1;None
27265603252218918351938035846014597736;"Galactic Battle";"bt1";"Beerus // Beerus, God of Destruction";BT1-029;Uncommon;http://tcgplayer.com/product/137464/dragon-ball-super-ccg-galactic-battle-beerus-beerus-god-of-destruction?xid=picae9e756-1d91-41cf-8863-2937f3ae23fc&page=1;None
22010460693420944957587721271640717664;"Galactic Battle";"bt1";"Frieza // Ultimate Form Golden Frieza";BT1-083;Rare;http://tcgplayer.com/product/137988/dragon-ball-super-ccg-galactic-battle-frieza-ultimate-form-golden-frieza?xid=picae9e756-1d91-41cf-8863-2937f3ae23fc&page=1;None
330014788818275571607785074502185722301;"Galactic Battle";"bt1";"Ginyu Force Jeice";BT1-098;Common;http://tcgplayer.com/product/138005/dragon-ball-super-ccg-galactic-battle-ginyu-force-jeice?xid=picae9e756-1d91-41cf-8863-2937f3ae23fc&page=1;None
51500966955611899532381910007012055559;"Galactic Battle";"bt1";"Recoome Eraser Gun";BT1-106;Uncommon;http://tcgplayer.com/product/138029/dragon-ball-super-ccg-galactic-battle-recoome-eraser-gun?xid=pi5f1361c6-28ca-469f-8c3f-0aa26e78ab7b&page=1;None
201641481680223345778776798725549514336;"Galactic Battle";"bt1";"Friend-Summoning Son Gohan";BT1-061;Uncommon;http://tcgplayer.com/product/137962/dragon-ball-super-ccg-galactic-battle-friend-summoning-son-gohan?xid=pi5f1361c6-28ca-469f-8c3f-0aa26e78ab7b&page=1;None
405035169448941594690822538163451780;"Galactic Battle";"bt1";"Frieza's Call";BT1-109;Common;http://tcgplayer.com/product/138033/dragon-ball-super-ccg-galactic-battle-friezas-call-2017?xid=pi5f1361c6-28ca-469f-8c3f-0aa26e78ab7b&page=1;None
133002340359772987887512895403824914415;"Galactic Battle";"bt1";"Frieza // Frieza, The Galactic Emperor";BT1-084;Uncommon;http://tcgplayer.com/product/137989/dragon-ball-super-ccg-galactic-battle-frieza-frieza-the-galactic-emperor?xid=pi5f1361c6-28ca-469f-8c3f-0aa26e78ab7b&page=1;None
321343078992760120649499071109870568569;"Galactic Battle";"bt1";"Son Goku // Super Saiyan God Son Goku";BT1-056;Uncommon;http://tcgplayer.com/product/137512/dragon-ball-super-ccg-galactic-battle-son-goku-super-saiyan-god-son-goku?xid=pi5f1361c6-28ca-469f-8c3f-0aa26e78ab7b&page=1;None
121878076100612662263117001584111001430;"Galactic Battle";"bt1";"Broly, The Rampaging Horror (SPR)";BT1-073;Special Rare;http://tcgplayer.com/product/139086/dragon-ball-super-ccg-galactic-battle-broly-the-rampaging-horror-spr?xid=pi5f1361c6-28ca-469f-8c3f-0aa26e78ab7b&page=1;None
299575611160512427930718812940010182185;"Galactic Battle";"bt1";"Frieza, Hellish Terror";BT1-088;Common;http://tcgplayer.com/product/137995/dragon-ball-super-ccg-galactic-battle-frieza-hellish-terror?xid=pi5f1361c6-28ca-469f-8c3f-0aa26e78ab7b&page=1;None
18756683445278011167164449115620169994;"Galactic Battle";"bt1";"Taunting Piccolo";BT1-046;Common;http://tcgplayer.com/product/137495/dragon-ball-super-ccg-galactic-battle-taunting-piccolo?xid=pi5f1361c6-28ca-469f-8c3f-0aa26e78ab7b&page=1;None
169937250371881600283596031541314712985;"Galactic Battle";"bt1";"Family Kamehameha";BT1-082;Common;http://tcgplayer.com/product/137987/dragon-ball-super-ccg-galactic-battle-family-kamehameha?xid=pi5f1361c6-28ca-469f-8c3f-0aa26e78ab7b&page=1;None
17830902613116714668305110760131724070;"Galactic Battle";"bt1";"Hit // Assassin Hit";BT1-003;Uncommon;http://tcgplayer.com/product/137367/dragon-ball-super-ccg-galactic-battle-hit-assassin-hit?xid=pi5f1361c6-28ca-469f-8c3f-0aa26e78ab7b&page=1;None
26395269065044219559547503622784928792;"Galactic Battle";"bt1";"Fickle Destruction";BT1-026;Common;http://tcgplayer.com/product/137459/dragon-ball-super-ccg-galactic-battle-fickle-destruction?xid=pi5f1361c6-28ca-469f-8c3f-0aa26e78ab7b&page=1;None
147590422284339899882210903626668071953;"Galactic Battle";"bt1";"Trunks";BT1-039;Common;http://tcgplayer.com/product/137487/dragon-ball-super-ccg-galactic-battle-trunks?xid=pi5f1361c6-28ca-469f-8c3f-0aa26e78ab7b&page=1;None
201699387128909087192808399578643960469;"Galactic Battle";"bt1";"Banan";BT1-104;Common;http://tcgplayer.com/product/138026/dragon-ball-super-ccg-galactic-battle-banan?xid=pi5f1361c6-28ca-469f-8c3f-0aa26e78ab7b&page=1;None
216989055858530327570653798189964448049;"Galactic Battle";"bt1";"Magetta of Universe 6";BT1-021;Common;http://tcgplayer.com/product/137451/dragon-ball-super-ccg-galactic-battle-magetta-of-universe-6?xid=pi5f1361c6-28ca-469f-8c3f-0aa26e78ab7b&page=1;None
314021327947896568575760057039034416026;"Galactic Battle";"bt1";"Son Goku // Super Saiyan Blue Son Goku";BT1-030;Uncommon;http://tcgplayer.com/product/137466/dragon-ball-super-ccg-galactic-battle-son-goku-super-saiyan-blue-son-goku?xid=pi5f1361c6-28ca-469f-8c3f-0aa26e78ab7b&page=1;None
261057082547748955798667487289520369235;"Galactic Battle";"bt1";"Calm-Hearted Vados";BT1-009;Uncommon;http://tcgplayer.com/product/137373/dragon-ball-super-ccg-galactic-battle-calm-hearted-vados?xid=pi5f1361c6-28ca-469f-8c3f-0aa26e78ab7b&page=1;None
46274431920332835391209095492688460565;"Galactic Battle";"bt1";"God Break Son Goku (SPR)";BT1-031;Special Rare;http://tcgplayer.com/product/139085/dragon-ball-super-ccg-galactic-battle-god-break-son-goku-spr?xid=pi5f1361c6-28ca-469f-8c3f-0aa26e78ab7b&page=1;None
304575572765580696163773778662075255653;"Galactic Battle";"bt1";"Shisami, The Loyal Warrior";BT1-094;Uncommon;http://tcgplayer.com/product/138001/dragon-ball-super-ccg-galactic-battle-shisami-the-loyal-warrior?xid=pi5f1361c6-28ca-469f-8c3f-0aa26e78ab7b&page=1;None
151904728547142002861303047352789113550;"Galactic Battle";"bt1";"Lightning-fast Hit (SPR)";BT1-011;Special Rare;http://tcgplayer.com/product/139084/dragon-ball-super-ccg-galactic-battle-lightning-fast-hit-spr?xid=pi5f1361c6-28ca-469f-8c3f-0aa26e78ab7b&page=1;None
78450899105115601763938694993863623411;"Galactic Battle";"bt1";"King Vegeta's Surprise Attack";BT1-079;Uncommon;http://tcgplayer.com/product/137982/dragon-ball-super-ccg-galactic-battle-king-vegetas-surprise-attack?xid=pi5f1361c6-28ca-469f-8c3f-0aa26e78ab7b&page=1;None
57918979320096153688437026734818202138;"Galactic Battle";"bt1";"Universe 6 Supreme Kai";BT1-022;Common;http://tcgplayer.com/product/137453/dragon-ball-super-ccg-galactic-battle-universe-6-supreme-kai?xid=pi5f1361c6-28ca-469f-8c3f-0aa26e78ab7b&page=1;None
95802163339286594517073219228565470530;"Galactic Battle";"bt1";"Son Goten";BT1-035;Common;http://tcgplayer.com/product/137481/dragon-ball-super-ccg-galactic-battle-son-goten?xid=pi5f1361c6-28ca-469f-8c3f-0aa26e78ab7b&page=1;None
339877598759117836940202323414272110657;"Galactic Battle";"bt1";"Mysterious Presence Monaka";BT1-049;Uncommon;http://tcgplayer.com/product/137498/dragon-ball-super-ccg-galactic-battle-mysterious-presence-monaka?xid=pi5f1361c6-28ca-469f-8c3f-0aa26e78ab7b&page=1;None
