7086496968328644198957534015958406593;"Opus XIII: Crystal Radiance";"op13";"Sara";13-093H;Hero;http://tcgplayer.com/product/234695/final-fantasy-tcg-opus-xiii-crystal-radiance-sara?xid=pi4c9fb2c0-1b64-4639-aa2b-a763e17ce967&page=1;None
71406161229696116840721068374679320899;"Opus XIII: Crystal Radiance";"op13";"Odin EX";13-072R;Rare;http://tcgplayer.com/product/234664/final-fantasy-tcg-opus-xiii-crystal-radiance-odin-ex?xid=pi4c9fb2c0-1b64-4639-aa2b-a763e17ce967&page=1;None
50110971574352561507430301891342294180;"Opus XIII: Crystal Radiance";"op13";"Viking";13-097C;Common;http://tcgplayer.com/product/234685/final-fantasy-tcg-opus-xiii-crystal-radiance-viking?xid=pi4c9fb2c0-1b64-4639-aa2b-a763e17ce967&page=1;None
222443516220566176222322638607077196407;"Opus XIII: Crystal Radiance";"op13";"Doga";13-120H;Hero;http://tcgplayer.com/product/232626/final-fantasy-tcg-opus-xiii-crystal-radiance-doga?xid=pi4c9fb2c0-1b64-4639-aa2b-a763e17ce967&page=1;None
253049564029878268783399808690132583544;"Opus XIII: Crystal Radiance";"op13";"Akstar";13-002L;Legend;http://tcgplayer.com/product/233769/final-fantasy-tcg-opus-xiii-crystal-radiance-akstar?xid=pi4c9fb2c0-1b64-4639-aa2b-a763e17ce967&page=1;None
215562635244204893786487105080142581665;"Opus XIII: Crystal Radiance";"op13";"Behemoth K";13-079L;Legend;http://tcgplayer.com/product/234675/final-fantasy-tcg-opus-xiii-crystal-radiance-behemoth-k?xid=pi4c9fb2c0-1b64-4639-aa2b-a763e17ce967&page=1;None
68771054939863593178113750105280241655;"Opus XIII: Crystal Radiance";"op13";"Ovelia";13-090L;Legend;http://tcgplayer.com/product/234443/final-fantasy-tcg-opus-xiii-crystal-radiance-ovelia?xid=pi4c9fb2c0-1b64-4639-aa2b-a763e17ce967&page=1;None
86019865555433175659618390317058664837;"Opus XIII: Crystal Radiance";"op13";"Cid Randell";13-022H;Hero;http://tcgplayer.com/product/234599/final-fantasy-tcg-opus-xiii-crystal-radiance-cid-randell?xid=pi4c9fb2c0-1b64-4639-aa2b-a763e17ce967&page=1;None
42106155899840450922030895343892017573;"Opus XIII: Crystal Radiance";"op13";"Materia";13-103L;Legend;http://tcgplayer.com/product/232622/final-fantasy-tcg-opus-xiii-crystal-radiance-materia?xid=pi4c9fb2c0-1b64-4639-aa2b-a763e17ce967&page=1;None
300655816448207886302858529395925275264;"Opus XIII: Crystal Radiance";"op13";"Sophie";13-119L;Legend;http://tcgplayer.com/product/234618/final-fantasy-tcg-opus-xiii-crystal-radiance-sophie?xid=pi4c9fb2c0-1b64-4639-aa2b-a763e17ce967&page=1;None
83383510718615438924865696441054288500;"Opus XIII: Crystal Radiance";"op13";"Dragoon";13-084C;Common;http://tcgplayer.com/product/234681/final-fantasy-tcg-opus-xiii-crystal-radiance-dragoon?xid=pi4c9fb2c0-1b64-4639-aa2b-a763e17ce967&page=1;None
147092461831733641797361424091571370494;"Opus XIII: Crystal Radiance";"op13";"Charlotte";13-023R;Rare;http://tcgplayer.com/product/234600/final-fantasy-tcg-opus-xiii-crystal-radiance-charlotte?xid=pi4c9fb2c0-1b64-4639-aa2b-a763e17ce967&page=1;None
251291953130284314572407343666635979670;"Opus XIII: Crystal Radiance";"op13";"Chime";13-127H;Hero;http://tcgplayer.com/product/234603/final-fantasy-tcg-opus-xiii-crystal-radiance-chime?xid=pi4c9fb2c0-1b64-4639-aa2b-a763e17ce967&page=1;None
248553746136781008842555944378190260153;"Opus XIII: Crystal Radiance";"op13";"Ochu";13-037C;Common;http://tcgplayer.com/product/234621/final-fantasy-tcg-opus-xiii-crystal-radiance-ochu?xid=pi4c9fb2c0-1b64-4639-aa2b-a763e17ce967&page=1;None
322768650277272559629865784642227629754;"Opus XIII: Crystal Radiance";"op13";"Onion Knight";13-106H;Hero;http://tcgplayer.com/product/234665/final-fantasy-tcg-opus-xiii-crystal-radiance-onion-knight?xid=pi4c9fb2c0-1b64-4639-aa2b-a763e17ce967&page=1;None
76399285877070779731644646297383121658;"Opus XIII: Crystal Radiance";"op13";"Lightning - 13-081";13-081H;Hero;http://tcgplayer.com/product/234678/final-fantasy-tcg-opus-xiii-crystal-radiance-lightning-13-081?xid=pi4c9fb2c0-1b64-4639-aa2b-a763e17ce967&page=1;None
143532853735215013899541323970239399081;"Opus XIII: Crystal Radiance";"op13";"White Tiger l'Cie Nimbus";13-112L;Legend;http://tcgplayer.com/product/234646/final-fantasy-tcg-opus-xiii-crystal-radiance-white-tiger-lcie-nimbus?xid=pi4c9fb2c0-1b64-4639-aa2b-a763e17ce967&page=1;None
201797322624058039618966408845002812460;"Opus XIII: Crystal Radiance";"op13";"Balthier";13-048H;Hero;http://tcgplayer.com/product/234634/final-fantasy-tcg-opus-xiii-crystal-radiance-balthier?xid=pi4c9fb2c0-1b64-4639-aa2b-a763e17ce967&page=1;None
186803771866793506759091767877989613564;"Opus XIII: Crystal Radiance";"op13";"Leviathan EX";13-100R;Rare;http://tcgplayer.com/product/234676/final-fantasy-tcg-opus-xiii-crystal-radiance-leviathan-ex?xid=pi4c9fb2c0-1b64-4639-aa2b-a763e17ce967&page=1;None
137344254643843279903536596688506592849;"Opus XIII: Crystal Radiance";"op13";"Spiritus";13-104L;Legend;http://tcgplayer.com/product/232625/final-fantasy-tcg-opus-xiii-crystal-radiance-spiritus?xid=pi4c9fb2c0-1b64-4639-aa2b-a763e17ce967&page=1;None
242926020153965409241087249198674104796;"Opus XIII: Crystal Radiance";"op13";"Aldore Emperor";13-122H;Hero;http://tcgplayer.com/product/234616/final-fantasy-tcg-opus-xiii-crystal-radiance-aldore-emperor?xid=pi4c9fb2c0-1b64-4639-aa2b-a763e17ce967&page=1;None
45352856120905929776122458057093798254;"Opus XIII: Crystal Radiance";"op13";"Sarah (MOBIUS)";13-118C;Common;http://tcgplayer.com/product/234620/final-fantasy-tcg-opus-xiii-crystal-radiance-sarah-mobius?xid=pi4c9fb2c0-1b64-4639-aa2b-a763e17ce967&page=1;None
125490485900838057351406395668721707473;"Opus XIII: Crystal Radiance";"op13";"Kain";13-073H;Hero;http://tcgplayer.com/product/234666/final-fantasy-tcg-opus-xiii-crystal-radiance-kain?xid=pi4c9fb2c0-1b64-4639-aa2b-a763e17ce967&page=1;None
30152061430028225193013434998504961185;"Opus XIII: Crystal Radiance";"op13";"Agrias EX";13-086R;Rare;http://tcgplayer.com/product/234686/final-fantasy-tcg-opus-xiii-crystal-radiance-agrias-ex?xid=pi4c9fb2c0-1b64-4639-aa2b-a763e17ce967&page=1;None
257675327289376414122761680860402514351;"Opus XIII: Crystal Radiance";"op13";"Squall";13-024R;Rare;http://tcgplayer.com/product/234601/final-fantasy-tcg-opus-xiii-crystal-radiance-squall?xid=pi13077fe0-9ea2-4984-ac5d-f096099d2e3a&page=1;None
283087372579751810601535153813451295072;"Opus XIII: Crystal Radiance";"op13";"Emet-Selch";13-131S;Starter;http://tcgplayer.com/product/233326/final-fantasy-tcg-opus-xiii-crystal-radiance-emet-selch?xid=pi13077fe0-9ea2-4984-ac5d-f096099d2e3a&page=1;None
104481239577195589023789856283452047054;"Opus XIII: Crystal Radiance";"op13";"Simon";13-094C;Common;http://tcgplayer.com/product/234692/final-fantasy-tcg-opus-xiii-crystal-radiance-simon?xid=pi13077fe0-9ea2-4984-ac5d-f096099d2e3a&page=1;None
147554479383211825271635240141059254864;"Opus XIII: Crystal Radiance";"op13";"The Oracle of Light";13-138S;Starter;http://tcgplayer.com/product/233333/final-fantasy-tcg-opus-xiii-crystal-radiance-the-oracle-of-light?xid=pi13077fe0-9ea2-4984-ac5d-f096099d2e3a&page=1;None
187032511911651449390775564116575096897;"Opus XIII: Crystal Radiance";"op13";"Y'shtola";13-134S;Starter;http://tcgplayer.com/product/233329/final-fantasy-tcg-opus-xiii-crystal-radiance-yshtola?xid=pi13077fe0-9ea2-4984-ac5d-f096099d2e3a&page=1;None
130262249675974815563128871174734714574;"Opus XIII: Crystal Radiance";"op13";"Kunshira";13-114H;Hero;http://tcgplayer.com/product/233770/final-fantasy-tcg-opus-xiii-crystal-radiance-kunshira?xid=pi13077fe0-9ea2-4984-ac5d-f096099d2e3a&page=1;None
81018257097020689435257515179753909998;"Opus XIII: Crystal Radiance";"op13";"Cagnazzo";13-091H;Hero;http://tcgplayer.com/product/234693/final-fantasy-tcg-opus-xiii-crystal-radiance-cagnazzo?xid=pi13077fe0-9ea2-4984-ac5d-f096099d2e3a&page=1;None
51387547794705251875650489474382907805;"Opus XIII: Crystal Radiance";"op13";"Monk";13-063C;Common;http://tcgplayer.com/product/234652/final-fantasy-tcg-opus-xiii-crystal-radiance-monk?xid=pi13077fe0-9ea2-4984-ac5d-f096099d2e3a&page=1;None
69260592271779744988718423226715049694;"Opus XIII: Crystal Radiance";"op13";"Thancred";13-136S;Starter;http://tcgplayer.com/product/233331/final-fantasy-tcg-opus-xiii-crystal-radiance-thancred?xid=pi13077fe0-9ea2-4984-ac5d-f096099d2e3a&page=1;None
281776194810100596822720937421643619220;"Opus XIII: Crystal Radiance";"op13";"Lightning - 13-116C";13-116C;Common;http://tcgplayer.com/product/234625/final-fantasy-tcg-opus-xiii-crystal-radiance-lightning-13-116c?xid=pi13077fe0-9ea2-4984-ac5d-f096099d2e3a&page=1;None
177705062402905402934326206227841813587;"Opus XIII: Crystal Radiance";"op13";"Barbariccia";13-047H;Hero;http://tcgplayer.com/product/234633/final-fantasy-tcg-opus-xiii-crystal-radiance-barbariccia?xid=pi13077fe0-9ea2-4984-ac5d-f096099d2e3a&page=1;None
163589921613524897594768628546221937134;"Opus XIII: Crystal Radiance";"op13";"Lasswell";13-105R;Rare;http://tcgplayer.com/product/234667/final-fantasy-tcg-opus-xiii-crystal-radiance-lasswell?xid=pi13077fe0-9ea2-4984-ac5d-f096099d2e3a&page=1;None
107936011263967656370015564190786408641;"Opus XIII: Crystal Radiance";"op13";"Laguna";13-031R;Rare;http://tcgplayer.com/product/234611/final-fantasy-tcg-opus-xiii-crystal-radiance-laguna?xid=pi13077fe0-9ea2-4984-ac5d-f096099d2e3a&page=1;None
119435617758973862828442110376149363294;"Opus XIII: Crystal Radiance";"op13";"Shara";13-040L;Legend;http://tcgplayer.com/product/234626/final-fantasy-tcg-opus-xiii-crystal-radiance-shara?xid=pi13077fe0-9ea2-4984-ac5d-f096099d2e3a&page=1;None
174832200078914874360608596427223440296;"Opus XIII: Crystal Radiance";"op13";"Cater";13-107C;Common;http://tcgplayer.com/product/234662/final-fantasy-tcg-opus-xiii-crystal-radiance-cater?xid=pi13077fe0-9ea2-4984-ac5d-f096099d2e3a&page=1;None
302169299926100387004136037291159559740;"Opus XIII: Crystal Radiance";"op13";"Rubicante";13-016H;Hero;http://tcgplayer.com/product/232623/final-fantasy-tcg-opus-xiii-crystal-radiance-rubicante?xid=pi13077fe0-9ea2-4984-ac5d-f096099d2e3a&page=1;None
335475095734171154229274382639564947594;"Opus XIII: Crystal Radiance";"op13";"Rain";13-017H;Hero;http://tcgplayer.com/product/234594/final-fantasy-tcg-opus-xiii-crystal-radiance-rain?xid=pi13077fe0-9ea2-4984-ac5d-f096099d2e3a&page=1;None
319412552786250832521076635751899338441;"Opus XIII: Crystal Radiance";"op13";"Titania";13-132S;Starter;http://tcgplayer.com/product/233327/final-fantasy-tcg-opus-xiii-crystal-radiance-titania?xid=pi13077fe0-9ea2-4984-ac5d-f096099d2e3a&page=1;None
104752523511105031095699275648247508730;"Opus XIII: Crystal Radiance";"op13";"Physalis";13-028L;Legend;http://tcgplayer.com/product/234369/final-fantasy-tcg-opus-xiii-crystal-radiance-physalis?xid=pi13077fe0-9ea2-4984-ac5d-f096099d2e3a&page=1;None
18739887659975277932583865276409831096;"Opus XIII: Crystal Radiance";"op13";"Leo";13-067L;Legend;http://tcgplayer.com/product/234656/final-fantasy-tcg-opus-xiii-crystal-radiance-leo?xid=pi13077fe0-9ea2-4984-ac5d-f096099d2e3a&page=1;None
255209690185454062979065066554425421068;"Opus XIII: Crystal Radiance";"op13";"Counterfeit Wraith";13-029C;Common;http://tcgplayer.com/product/234608/final-fantasy-tcg-opus-xiii-crystal-radiance-counterfeit-wraith?xid=pi13077fe0-9ea2-4984-ac5d-f096099d2e3a&page=1;None
267780240252602040638160326952719607910;"Opus XIII: Crystal Radiance";"op13";"Palom";13-013C;Common;http://tcgplayer.com/product/234591/final-fantasy-tcg-opus-xiii-crystal-radiance-palom?xid=pi13077fe0-9ea2-4984-ac5d-f096099d2e3a&page=1;None
255924374286495011895821199207683182132;"Opus XIII: Crystal Radiance";"op13";"Celestia";13-128L;Legend;http://tcgplayer.com/product/232632/final-fantasy-tcg-opus-xiii-crystal-radiance-celestia?xid=pi13077fe0-9ea2-4984-ac5d-f096099d2e3a&page=1;None
2372794704718096526555579529697920699;"Opus XIII: Crystal Radiance";"op13";"Coeurl";13-019C;Common;http://tcgplayer.com/product/234596/final-fantasy-tcg-opus-xiii-crystal-radiance-coeurl?xid=pi13077fe0-9ea2-4984-ac5d-f096099d2e3a&page=1;None
196465107263186929282003929104328666155;"Opus XIII: Crystal Radiance";"op13";"Unei";13-110H;Hero;http://tcgplayer.com/product/234650/final-fantasy-tcg-opus-xiii-crystal-radiance-unei?xid=pi27480fd1-a917-46fc-8851-b7c57f5be851&page=1;None
268129862570543442429313692792626519827;"Opus XIII: Crystal Radiance";"op13";"Ramza";13-121R;Rare;http://tcgplayer.com/product/232628/final-fantasy-tcg-opus-xiii-crystal-radiance-ramza?xid=pi27480fd1-a917-46fc-8851-b7c57f5be851&page=1;None
99202867856741206436363443930952369236;"Opus XIII: Crystal Radiance";"op13";"Ultimecia";13-126C;Common;http://tcgplayer.com/product/234605/final-fantasy-tcg-opus-xiii-crystal-radiance-ultimecia?xid=pi27480fd1-a917-46fc-8851-b7c57f5be851&page=1;None
132543372892736667949449766445742430315;"Opus XIII: Crystal Radiance";"op13";"Yang";13-064R;Rare;http://tcgplayer.com/product/234653/final-fantasy-tcg-opus-xiii-crystal-radiance-yang?xid=pi27480fd1-a917-46fc-8851-b7c57f5be851&page=1;None
65572631007759680055805648615172170904;"Opus XIII: Crystal Radiance";"op13";"The Crystal Exarch";13-133S;Starter;http://tcgplayer.com/product/233328/final-fantasy-tcg-opus-xiii-crystal-radiance-the-crystal-exarch?xid=pi27480fd1-a917-46fc-8851-b7c57f5be851&page=1;None
166260804637860005339024370949124400012;"Opus XIII: Crystal Radiance";"op13";"Yuke - 13-030C";13-030C;Common;http://tcgplayer.com/product/234609/final-fantasy-tcg-opus-xiii-crystal-radiance-yuke-13-030c?xid=pi27480fd1-a917-46fc-8851-b7c57f5be851&page=1;None
130055083826215467541589597719286701864;"Opus XIII: Crystal Radiance";"op13";"Cinque";13-007R;Rare;http://tcgplayer.com/product/234585/final-fantasy-tcg-opus-xiii-crystal-radiance-cinque?xid=pi27480fd1-a917-46fc-8851-b7c57f5be851&page=1;None
166163592843514594153450874693340894619;"Opus XIII: Crystal Radiance";"op13";"Xande";13-006C;Common;http://tcgplayer.com/product/234584/final-fantasy-tcg-opus-xiii-crystal-radiance-xande?xid=pi27480fd1-a917-46fc-8851-b7c57f5be851&page=1;None
199551380638667402298664113474941970344;"Opus XIII: Crystal Radiance";"op13";"Urianger EX";13-135S;Starter;http://tcgplayer.com/product/233330/final-fantasy-tcg-opus-xiii-crystal-radiance-urianger-ex?xid=pi27480fd1-a917-46fc-8851-b7c57f5be851&page=1;None
308215146288869729342804924759563746305;"Opus XIII: Crystal Radiance";"op13";"Counterfeit Youth";13-049C;Common;http://tcgplayer.com/product/234635/final-fantasy-tcg-opus-xiii-crystal-radiance-counterfeit-youth?xid=pi27480fd1-a917-46fc-8851-b7c57f5be851&page=1;None
43370628044952411228569200923783205386;"Opus XIII: Crystal Radiance";"op13";"Yuzuki";13-125R;Rare;http://tcgplayer.com/product/234607/final-fantasy-tcg-opus-xiii-crystal-radiance-yuzuki?xid=pi27480fd1-a917-46fc-8851-b7c57f5be851&page=1;None
27632395931337157648325177714261984673;"Opus XIII: Crystal Radiance";"op13";"Scarmiglione";13-059H;Hero;http://tcgplayer.com/product/234647/final-fantasy-tcg-opus-xiii-crystal-radiance-scarmiglione?xid=pi27480fd1-a917-46fc-8851-b7c57f5be851&page=1;None
130119560037845235548407468007362154660;"Opus XIII: Crystal Radiance";"op13";"Nine";13-123L;Legend;http://tcgplayer.com/product/234614/final-fantasy-tcg-opus-xiii-crystal-radiance-nine?xid=pi27480fd1-a917-46fc-8851-b7c57f5be851&page=1;None
238228242646374385924042145455158244269;"Opus XIII: Crystal Radiance";"op13";"Quistis";13-018H;Common;http://tcgplayer.com/product/234595/final-fantasy-tcg-opus-xiii-crystal-radiance-quistis?xid=pi27480fd1-a917-46fc-8851-b7c57f5be851&page=1;None
317736139286420346357352685062100418525;"Opus XIII: Crystal Radiance";"op13";"Llednar";13-108L;Legend;http://tcgplayer.com/product/234660/final-fantasy-tcg-opus-xiii-crystal-radiance-llednar?xid=pi27480fd1-a917-46fc-8851-b7c57f5be851&page=1;None
263142952766078557504155934681363730260;"Opus XIII: Crystal Radiance";"op13";"Philia";13-129S;Starter;http://tcgplayer.com/product/233324/final-fantasy-tcg-opus-xiii-crystal-radiance-philia?xid=pi27480fd1-a917-46fc-8851-b7c57f5be851&page=1;None
204160476390360401265290957353154897659;"Opus XIII: Crystal Radiance";"op13";"Zemus";13-077C;Common;http://tcgplayer.com/product/234672/final-fantasy-tcg-opus-xiii-crystal-radiance-zemus?xid=pi27480fd1-a917-46fc-8851-b7c57f5be851&page=1;None
144270413809699843207809115565806524716;"Opus XIII: Crystal Radiance";"op13";"Graff";13-057H;Hero;http://tcgplayer.com/product/234643/final-fantasy-tcg-opus-xiii-crystal-radiance-graff?xid=pi27480fd1-a917-46fc-8851-b7c57f5be851&page=1;None
35612414707588201238571834560621427615;"Opus XIII: Crystal Radiance";"op13";"Rapha";13-082C;Common;http://tcgplayer.com/product/234679/final-fantasy-tcg-opus-xiii-crystal-radiance-rapha?xid=pi27480fd1-a917-46fc-8851-b7c57f5be851&page=1;None
18717373700769304755016300290794783104;"Opus XIII: Crystal Radiance";"op13";"Sakura";13-075R;Rare;http://tcgplayer.com/product/234669/final-fantasy-tcg-opus-xiii-crystal-radiance-sakura?xid=pi27480fd1-a917-46fc-8851-b7c57f5be851&page=1;None
109166193274735913013650248709898440813;"Opus XIII: Crystal Radiance";"op13";"Hope";13-109R;Rare;http://tcgplayer.com/product/234658/final-fantasy-tcg-opus-xiii-crystal-radiance-hope?xid=pi27480fd1-a917-46fc-8851-b7c57f5be851&page=1;None
187702782416265663314861871394551444959;"Opus XIII: Crystal Radiance";"op13";"Delusory Knight";13-087C;Common;http://tcgplayer.com/product/234688/final-fantasy-tcg-opus-xiii-crystal-radiance-delusory-knight?xid=pi27480fd1-a917-46fc-8851-b7c57f5be851&page=1;None
102874228971863267823880858693243363884;"Opus XIII: Crystal Radiance";"op13";"Selphie";13-009H;Hero;http://tcgplayer.com/product/234587/final-fantasy-tcg-opus-xiii-crystal-radiance-selphie?xid=pi27480fd1-a917-46fc-8851-b7c57f5be851&page=1;None
69334347169388730714966452941241644279;"Opus XIII: Crystal Radiance";"op13";"Imaginary Soldier";13-003C;Common;http://tcgplayer.com/product/234581/final-fantasy-tcg-opus-xiii-crystal-radiance-imaginary-soldier?xid=pi27480fd1-a917-46fc-8851-b7c57f5be851&page=1;None
210141942226839772821278921975748997130;"Opus XIII: Crystal Radiance";"op13";"Bhunivelze";13-062H;Hero;http://tcgplayer.com/product/234651/final-fantasy-tcg-opus-xiii-crystal-radiance-bhunivelze?xid=pida7732f6-e61f-4f45-bd6a-a6a3d8144ce7&page=1;None
84403836197022250120509840695132841615;"Opus XIII: Crystal Radiance";"op13";"Abyss Worm";13-052C;Common;http://tcgplayer.com/product/234638/final-fantasy-tcg-opus-xiii-crystal-radiance-abyss-worm?xid=pida7732f6-e61f-4f45-bd6a-a6a3d8144ce7&page=1;None
10163827662269245220758033489882374206;"Opus XIII: Crystal Radiance";"op13";"Rinoa";13-032H;Hero;http://tcgplayer.com/product/234612/final-fantasy-tcg-opus-xiii-crystal-radiance-rinoa?xid=pida7732f6-e61f-4f45-bd6a-a6a3d8144ce7&page=1;None
289500673135876641776983483197041705404;"Opus XIII: Crystal Radiance";"op13";"Lid";13-083H;Hero;http://tcgplayer.com/product/234680/final-fantasy-tcg-opus-xiii-crystal-radiance-lid?xid=pida7732f6-e61f-4f45-bd6a-a6a3d8144ce7&page=1;None
20466345287667178191058506665824463005;"Opus XIII: Crystal Radiance";"op13";"Lady of Antiquity";13-054C;Common;http://tcgplayer.com/product/234640/final-fantasy-tcg-opus-xiii-crystal-radiance-lady-of-antiquity?xid=pida7732f6-e61f-4f45-bd6a-a6a3d8144ce7&page=1;None
32259033184028635285199633485313920303;"Opus XIII: Crystal Radiance";"op13";"Cid Haze";13-038H;Hero;http://tcgplayer.com/product/234622/final-fantasy-tcg-opus-xiii-crystal-radiance-cid-haze?xid=pida7732f6-e61f-4f45-bd6a-a6a3d8144ce7&page=1;None
3622264610163574422787454562263798174;"Opus XIII: Crystal Radiance";"op13";"Selkie";13-044C;Common;http://tcgplayer.com/product/234630/final-fantasy-tcg-opus-xiii-crystal-radiance-selkie?xid=pida7732f6-e61f-4f45-bd6a-a6a3d8144ce7&page=1;None
118334676946122569210208289259964020172;"Opus XIII: Crystal Radiance";"op13";"Exdeath";13-071R/2-101H;Rare;http://tcgplayer.com/product/234663/final-fantasy-tcg-opus-xiii-crystal-radiance-exdeath?xid=pida7732f6-e61f-4f45-bd6a-a6a3d8144ce7&page=1;None
323343887757361011369750953675647165625;"Opus XIII: Crystal Radiance";"op13";"Propagator";13-078C;Common;http://tcgplayer.com/product/234674/final-fantasy-tcg-opus-xiii-crystal-radiance-propagator?xid=pida7732f6-e61f-4f45-bd6a-a6a3d8144ce7&page=1;None
298058726851609976826426100983159105766;"Opus XIII: Crystal Radiance";"op13";"Golbez EX";13-115L;Legend;http://tcgplayer.com/product/234627/final-fantasy-tcg-opus-xiii-crystal-radiance-golbez-ex?xid=pida7732f6-e61f-4f45-bd6a-a6a3d8144ce7&page=1;None
165483042030318520254866881335676754919;"Opus XIII: Crystal Radiance";"op13";"Stiltzkin";13-043C;Common;http://tcgplayer.com/product/232630/final-fantasy-tcg-opus-xiii-crystal-radiance-stiltzkin?xid=pida7732f6-e61f-4f45-bd6a-a6a3d8144ce7&page=1;None
145139568582161188932742669464884354079;"Opus XIII: Crystal Radiance";"op13";"Hugh Yurg";13-061C;Common;http://tcgplayer.com/product/234649/final-fantasy-tcg-opus-xiii-crystal-radiance-hugh-yurg?xid=pida7732f6-e61f-4f45-bd6a-a6a3d8144ce7&page=1;None
222438961976981580755056360790252082864;"Opus XIII: Crystal Radiance";"op13";"Onion Knight (FFT) - 13-025C";13-025C;Common;http://tcgplayer.com/product/234602/final-fantasy-tcg-opus-xiii-crystal-radiance-onion-knight-fft-13-025c?xid=pida7732f6-e61f-4f45-bd6a-a6a3d8144ce7&page=1;None
196276727275897333627147583313773166423;"Opus XIII: Crystal Radiance";"op13";"Bahamut EX";13-012R;Rare;http://tcgplayer.com/product/234590/final-fantasy-tcg-opus-xiii-crystal-radiance-bahamut-ex?xid=pida7732f6-e61f-4f45-bd6a-a6a3d8144ce7&page=1;None
147910107259346556522855082193894460305;"Opus XIII: Crystal Radiance";"op13";"Lilty";13-066C;Common;http://tcgplayer.com/product/234655/final-fantasy-tcg-opus-xiii-crystal-radiance-lilty?xid=pida7732f6-e61f-4f45-bd6a-a6a3d8144ce7&page=1;None
139845675658870188946233633048872280243;"Opus XIII: Crystal Radiance";"op13";"Onion Knight (FFT) - 13-010C";13-010C;Common;http://tcgplayer.com/product/234588/final-fantasy-tcg-opus-xiii-crystal-radiance-onion-knight-fft-13-010c?xid=pida7732f6-e61f-4f45-bd6a-a6a3d8144ce7&page=1;None
263863207558433003923453299718747928801;"Opus XIII: Crystal Radiance";"op13";"Delita";13-111C;Common;http://tcgplayer.com/product/232631/final-fantasy-tcg-opus-xiii-crystal-radiance-delita?xid=pida7732f6-e61f-4f45-bd6a-a6a3d8144ce7&page=1;None
252398317992478571212699831855482762878;"Opus XIII: Crystal Radiance";"op13";"Larkeicus";13-014R;Rare;http://tcgplayer.com/product/234592/final-fantasy-tcg-opus-xiii-crystal-radiance-larkeicus?xid=pida7732f6-e61f-4f45-bd6a-a6a3d8144ce7&page=1;None
272059820797326269973890288559266482053;"Opus XIII: Crystal Radiance";"op13";"Leviathan EX (Full Art)";13-100R;Rare;http://tcgplayer.com/product/234716/final-fantasy-tcg-opus-xiii-crystal-radiance-leviathan-ex-full-art?xid=pida7732f6-e61f-4f45-bd6a-a6a3d8144ce7&page=1;None
289758182797170056575725442436222015786;"Opus XIII: Crystal Radiance";"op13";"Oilboyle";13-089C;Common;http://tcgplayer.com/product/234691/final-fantasy-tcg-opus-xiii-crystal-radiance-oilboyle?xid=pida7732f6-e61f-4f45-bd6a-a6a3d8144ce7&page=1;None
308237108145754773070963860670732687521;"Opus XIII: Crystal Radiance";"op13";"Ran'jit";13-130S;Starter;http://tcgplayer.com/product/233325/final-fantasy-tcg-opus-xiii-crystal-radiance-ranjit?xid=pida7732f6-e61f-4f45-bd6a-a6a3d8144ce7&page=1;None
126170532014016162270137508141854543966;"Opus XIII: Crystal Radiance";"op13";"Refia";13-102C;Common;http://tcgplayer.com/product/234671/final-fantasy-tcg-opus-xiii-crystal-radiance-refia?xid=pida7732f6-e61f-4f45-bd6a-a6a3d8144ce7&page=1;None
27617230569763656049077613978166356577;"Opus XIII: Crystal Radiance";"op13";"Delusory Warlock";13-070C;Common;http://tcgplayer.com/product/234661/final-fantasy-tcg-opus-xiii-crystal-radiance-delusory-warlock?xid=pida7732f6-e61f-4f45-bd6a-a6a3d8144ce7&page=1;None
337720937061158107414556915693092927495;"Opus XIII: Crystal Radiance";"op13";"Clavat - 13-074C";13-074C;Common;http://tcgplayer.com/product/234668/final-fantasy-tcg-opus-xiii-crystal-radiance-clavat-13-074c?xid=pida7732f6-e61f-4f45-bd6a-a6a3d8144ce7&page=1;None
10109098585297443975178203771672385340;"Opus XIII: Crystal Radiance";"op13";"Luka";13-101R;Rare;http://tcgplayer.com/product/234673/final-fantasy-tcg-opus-xiii-crystal-radiance-luka?xid=pi1eb43786-6db4-4b65-a7d3-0555d6b6d1c4&page=1;None
147365458285697971460397749622960977719;"Opus XIII: Crystal Radiance";"op13";"Ingus";13-055C;Common;http://tcgplayer.com/product/234641/final-fantasy-tcg-opus-xiii-crystal-radiance-ingus?xid=pi1eb43786-6db4-4b65-a7d3-0555d6b6d1c4&page=1;None
253837528792964663795124700366410384372;"Opus XIII: Crystal Radiance";"op13";"White Mage - 13-041C";13-041C;Common;http://tcgplayer.com/product/234628/final-fantasy-tcg-opus-xiii-crystal-radiance-white-mage-13-041c?xid=pi1eb43786-6db4-4b65-a7d3-0555d6b6d1c4&page=1;None
113182257423658444212183576363090280516;"Opus XIII: Crystal Radiance";"op13";"Cecil";13-060R;Rare;http://tcgplayer.com/product/234648/final-fantasy-tcg-opus-xiii-crystal-radiance-cecil?xid=pi1eb43786-6db4-4b65-a7d3-0555d6b6d1c4&page=1;None
149940373228582285455906230487680300624;"Opus XIII: Crystal Radiance";"op13";"Rubicante (Full Art)";13-016H;Hero;http://tcgplayer.com/product/232624/final-fantasy-tcg-opus-xiii-crystal-radiance-rubicante-full-art?xid=pi1eb43786-6db4-4b65-a7d3-0555d6b6d1c4&page=1;None
18715729670205308103068708274460347962;"Opus XIII: Crystal Radiance";"op13";"Shiva EX";13-021R;Rare;http://tcgplayer.com/product/234598/final-fantasy-tcg-opus-xiii-crystal-radiance-shiva-ex?xid=pi1eb43786-6db4-4b65-a7d3-0555d6b6d1c4&page=1;None
113382760423993663708542584674436367723;"Opus XIII: Crystal Radiance";"op13";"Yuke - 13-099C";13-099C;Common;http://tcgplayer.com/product/234682/final-fantasy-tcg-opus-xiii-crystal-radiance-yuke-13-099c?xid=pi1eb43786-6db4-4b65-a7d3-0555d6b6d1c4&page=1;None
48043222551999413092169352678179907576;"Opus XIII: Crystal Radiance";"op13";"Innocence";13-137S;Starter;http://tcgplayer.com/product/233332/final-fantasy-tcg-opus-xiii-crystal-radiance-innocence?xid=pi1eb43786-6db4-4b65-a7d3-0555d6b6d1c4&page=1;None
329283148783168751476233713722281804323;"Opus XIII: Crystal Radiance";"op13";"Arc";13-035C;Common;http://tcgplayer.com/product/234617/final-fantasy-tcg-opus-xiii-crystal-radiance-arc?xid=pi1eb43786-6db4-4b65-a7d3-0555d6b6d1c4&page=1;None
259638510068243711630244350128320508538;"Opus XIII: Crystal Radiance";"op13";"Alexander EX";13-053R;Rare;http://tcgplayer.com/product/234639/final-fantasy-tcg-opus-xiii-crystal-radiance-alexander-ex?xid=pi1eb43786-6db4-4b65-a7d3-0555d6b6d1c4&page=1;None
230475346578902954050269445732121676910;"Opus XIII: Crystal Radiance";"op13";"Iron Giant";13-011C;Common;http://tcgplayer.com/product/234589/final-fantasy-tcg-opus-xiii-crystal-radiance-iron-giant?xid=pi1eb43786-6db4-4b65-a7d3-0555d6b6d1c4&page=1;None
65001722226948785872251982021979772558;"Opus XIII: Crystal Radiance";"op13";"Doga (Full Art)";13-120H;Hero;http://tcgplayer.com/product/232627/final-fantasy-tcg-opus-xiii-crystal-radiance-doga-full-art?xid=pi1eb43786-6db4-4b65-a7d3-0555d6b6d1c4&page=1;None
68832677740367402918898584494868673405;"Opus XIII: Crystal Radiance";"op13";"Clavat - 13-004C";13-004C;Common;http://tcgplayer.com/product/234582/final-fantasy-tcg-opus-xiii-crystal-radiance-clavat-13-004c?xid=pi1eb43786-6db4-4b65-a7d3-0555d6b6d1c4&page=1;None
8986560575994822083997477964451655040;"Opus XIII: Crystal Radiance";"op13";"Emet-Selch (Full Art)";13-131S;Starter;http://tcgplayer.com/product/234363/final-fantasy-tcg-opus-xiii-crystal-radiance-emet-selch-full-art?xid=pi1eb43786-6db4-4b65-a7d3-0555d6b6d1c4&page=1;None
190246166315905952078744285296769816826;"Opus XIII: Crystal Radiance";"op13";"Fina";13-098R;Rare;http://tcgplayer.com/product/234684/final-fantasy-tcg-opus-xiii-crystal-radiance-fina?xid=pi1eb43786-6db4-4b65-a7d3-0555d6b6d1c4&page=1;None
122481053006726967982111185332879977399;"Opus XIII: Crystal Radiance";"op13";"Black Mage";13-005C;Common;http://tcgplayer.com/product/234583/final-fantasy-tcg-opus-xiii-crystal-radiance-black-mage?xid=pi1eb43786-6db4-4b65-a7d3-0555d6b6d1c4&page=1;None
161252877006158601009432350914582227154;"Opus XIII: Crystal Radiance";"op13";"Lumina";13-085R;Rare;http://tcgplayer.com/product/234683/final-fantasy-tcg-opus-xiii-crystal-radiance-lumina?xid=pi1eb43786-6db4-4b65-a7d3-0555d6b6d1c4&page=1;None
118143116731817072295869786526971609177;"Opus XIII: Crystal Radiance";"op13";"Vermilion Bird l'Cie Caetuna";13-008R;Rare;http://tcgplayer.com/product/234586/final-fantasy-tcg-opus-xiii-crystal-radiance-vermilion-bird-lcie-caetuna?xid=pi1eb43786-6db4-4b65-a7d3-0555d6b6d1c4&page=1;None
109755558089173935433096627348239920583;"Opus XIII: Crystal Radiance";"op13";"Scarmiglione (Full Art)";13-059H;Hero;http://tcgplayer.com/product/234709/final-fantasy-tcg-opus-xiii-crystal-radiance-scarmiglione-full-art?xid=pi1eb43786-6db4-4b65-a7d3-0555d6b6d1c4&page=1;None
7120251927220703418803899693486403940;"Opus XIII: Crystal Radiance";"op13";"Rydia";13-065R;Rare;http://tcgplayer.com/product/234654/final-fantasy-tcg-opus-xiii-crystal-radiance-rydia?xid=pi1eb43786-6db4-4b65-a7d3-0555d6b6d1c4&page=1;None
216922148401442829751915688336123796855;"Opus XIII: Crystal Radiance";"op13";"Kurasame";13-020C;Common;http://tcgplayer.com/product/234597/final-fantasy-tcg-opus-xiii-crystal-radiance-kurasame?xid=pi1eb43786-6db4-4b65-a7d3-0555d6b6d1c4&page=1;None
208264218186471956151044125364974835851;"Opus XIII: Crystal Radiance";"op13";"Noel";13-124C;Common;http://tcgplayer.com/product/234610/final-fantasy-tcg-opus-xiii-crystal-radiance-noel?xid=pi1eb43786-6db4-4b65-a7d3-0555d6b6d1c4&page=1;None
212849314282085391461757833008677406750;"Opus XIII: Crystal Radiance";"op13";"Cid Haze (Full Art)";13-038H;Hero;http://tcgplayer.com/product/234719/final-fantasy-tcg-opus-xiii-crystal-radiance-cid-haze-full-art?xid=pi1eb43786-6db4-4b65-a7d3-0555d6b6d1c4&page=1;None
188646898410469886269192446092302936169;"Opus XIII: Crystal Radiance";"op13";"Alchemist";13-068C;Common;http://tcgplayer.com/product/234657/final-fantasy-tcg-opus-xiii-crystal-radiance-alchemist?xid=pi1eb43786-6db4-4b65-a7d3-0555d6b6d1c4&page=1;None
167361359008807192680075679616489446195;"Opus XIII: Crystal Radiance";"op13";"Vanille";13-056R;Rare;http://tcgplayer.com/product/234642/final-fantasy-tcg-opus-xiii-crystal-radiance-vanille?xid=pic5f789fc-1d1d-42d3-a562-208b86e3117a&page=1;None
176707580840229016782669000421789771451;"Opus XIII: Crystal Radiance";"op13";"Remedi";13-034H;Hero;http://tcgplayer.com/product/234615/final-fantasy-tcg-opus-xiii-crystal-radiance-remedi?xid=pic5f789fc-1d1d-42d3-a562-208b86e3117a&page=1;None
111572864840375842060538604668254732257;"Opus XIII: Crystal Radiance";"op13";"Tellah EX";13-026C;Common;http://tcgplayer.com/product/234604/final-fantasy-tcg-opus-xiii-crystal-radiance-tellah-ex?xid=pic5f789fc-1d1d-42d3-a562-208b86e3117a&page=1;None
24458183104296737128009697006599920262;"Opus XIII: Crystal Radiance";"op13";"Mid";13-050R;Rare;http://tcgplayer.com/product/234636/final-fantasy-tcg-opus-xiii-crystal-radiance-mid?xid=pic5f789fc-1d1d-42d3-a562-208b86e3117a&page=1;None
322275471829032712385591574563854547650;"Opus XIII: Crystal Radiance";"op13";"Dryad EX (Full Art)";13-045R;Rare;http://tcgplayer.com/product/234718/final-fantasy-tcg-opus-xiii-crystal-radiance-dryad-ex-full-art?xid=pic5f789fc-1d1d-42d3-a562-208b86e3117a&page=1;None
254479139452645023390775788737355788970;"Opus XIII: Crystal Radiance";"op13";"Time Mage";13-027C;Common;http://tcgplayer.com/product/234606/final-fantasy-tcg-opus-xiii-crystal-radiance-time-mage?xid=pic5f789fc-1d1d-42d3-a562-208b86e3117a&page=1;None
260463088061881444307805554759833508359;"Opus XIII: Crystal Radiance";"op13";"Nichol";13-096R;Rare;http://tcgplayer.com/product/234687/final-fantasy-tcg-opus-xiii-crystal-radiance-nichol?xid=pic5f789fc-1d1d-42d3-a562-208b86e3117a&page=1;None
75289289070130208311553240089616436115;"Opus XIII: Crystal Radiance";"op13";"Unei (Full Art)";13-110H;Hero;http://tcgplayer.com/product/234707/final-fantasy-tcg-opus-xiii-crystal-radiance-unei-full-art?xid=pic5f789fc-1d1d-42d3-a562-208b86e3117a&page=1;None
149780871836874390847120614356117648920;"Opus XIII: Crystal Radiance";"op13";"Cid Pollendina EX";13-039C;Common;http://tcgplayer.com/product/234624/final-fantasy-tcg-opus-xiii-crystal-radiance-cid-pollendina-ex?xid=pic5f789fc-1d1d-42d3-a562-208b86e3117a&page=1;None
252314396045120846214890810702324201857;"Opus XIII: Crystal Radiance";"op13";"Red Mage";13-069C;Common;http://tcgplayer.com/product/234659/final-fantasy-tcg-opus-xiii-crystal-radiance-red-mage?xid=pic5f789fc-1d1d-42d3-a562-208b86e3117a&page=1;None
309058345016490110001867575937671485608;"Opus XIII: Crystal Radiance";"op13";"The Crystal Exarch (Full Art)";13-133S;Starter;http://tcgplayer.com/product/234362/final-fantasy-tcg-opus-xiii-crystal-radiance-the-crystal-exarch-full-art?xid=pic5f789fc-1d1d-42d3-a562-208b86e3117a&page=1;None
240630018885278468569034381367190236715;"Opus XIII: Crystal Radiance";"op13";"Gudon";13-113R;Rare;http://tcgplayer.com/product/234644/final-fantasy-tcg-opus-xiii-crystal-radiance-gudon?xid=pic5f789fc-1d1d-42d3-a562-208b86e3117a&page=1;None
319015486864021056878584134650395649973;"Opus XIII: Crystal Radiance";"op13";"Remedi (Full Art)";13-034H;Hero;http://tcgplayer.com/product/234710/final-fantasy-tcg-opus-xiii-crystal-radiance-remedi-full-art?xid=pic5f789fc-1d1d-42d3-a562-208b86e3117a&page=1;None
138016515099781264433259585732712711371;"Opus XIII: Crystal Radiance";"op13";"Irvine";13-001R;Rare;http://tcgplayer.com/product/234580/final-fantasy-tcg-opus-xiii-crystal-radiance-irvine?xid=pic5f789fc-1d1d-42d3-a562-208b86e3117a&page=1;None
71505132216326582720275980110784162298;"Opus XIII: Crystal Radiance";"op13";"Eight";13-036R;Rare;http://tcgplayer.com/product/234619/final-fantasy-tcg-opus-xiii-crystal-radiance-eight?xid=pic5f789fc-1d1d-42d3-a562-208b86e3117a&page=1;None
279844237702191998482921698847743931195;"Opus XIII: Crystal Radiance";"op13";"Tonogiri";13-095C;Common;http://tcgplayer.com/product/234689/final-fantasy-tcg-opus-xiii-crystal-radiance-tonogiri?xid=pic5f789fc-1d1d-42d3-a562-208b86e3117a&page=1;None
46238825150416975349573652944246398501;"Opus XIII: Crystal Radiance";"op13";"Mog (FFBE)";13-051R;Rare;http://tcgplayer.com/product/234637/final-fantasy-tcg-opus-xiii-crystal-radiance-mog-ffbe?xid=pic5f789fc-1d1d-42d3-a562-208b86e3117a&page=1;None
48240233692965350319708531630498461747;"Opus XIII: Crystal Radiance";"op13";"Marach";13-080C;Common;http://tcgplayer.com/product/234677/final-fantasy-tcg-opus-xiii-crystal-radiance-marach?xid=pic5f789fc-1d1d-42d3-a562-208b86e3117a&page=1;None
21645202502308956528201609228226191824;"Opus XIII: Crystal Radiance";"op13";"Sage";13-092C;Common;http://tcgplayer.com/product/234694/final-fantasy-tcg-opus-xiii-crystal-radiance-sage?xid=pic5f789fc-1d1d-42d3-a562-208b86e3117a&page=1;None
74412683638573984500293865288651167731;"Opus XIII: Crystal Radiance";"op13";"White Mage - 13-042C";13-042C;Common;http://tcgplayer.com/product/234629/final-fantasy-tcg-opus-xiii-crystal-radiance-white-mage-13-042c?xid=pic5f789fc-1d1d-42d3-a562-208b86e3117a&page=1;None
49659911772024184596974428804383503308;"Opus XIII: Crystal Radiance";"op13";"Pavlov";13-046R;Rare;http://tcgplayer.com/product/234632/final-fantasy-tcg-opus-xiii-crystal-radiance-pavlov?xid=pic5f789fc-1d1d-42d3-a562-208b86e3117a&page=1;None
117709337059134016589184007765172984996;"Opus XIII: Crystal Radiance";"op13";"Lightning - 13-081 (Full Art)";13-081H;Hero;http://tcgplayer.com/product/234715/final-fantasy-tcg-opus-xiii-crystal-radiance-lightning-13-081-full-art?xid=pic5f789fc-1d1d-42d3-a562-208b86e3117a&page=1;None
254647408422247007115733855081266445820;"Opus XIII: Crystal Radiance";"op13";"Cagnazzo (Full Art)";13-091H;Hero;http://tcgplayer.com/product/234722/final-fantasy-tcg-opus-xiii-crystal-radiance-cagnazzo-full-art?xid=pic5f789fc-1d1d-42d3-a562-208b86e3117a&page=1;None
152760616069743498236317207457059508972;"Opus XIII: Crystal Radiance";"op13";"Barbariccia (Full Art)";13-047H;Hero;http://tcgplayer.com/product/234723/final-fantasy-tcg-opus-xiii-crystal-radiance-barbariccia-full-art?xid=pic5f789fc-1d1d-42d3-a562-208b86e3117a&page=1;None
318930597336607829951262617542542083819;"Opus XIII: Crystal Radiance";"op13";"Cid Randell (Full Art)";13-022H;Hero;http://tcgplayer.com/product/234720/final-fantasy-tcg-opus-xiii-crystal-radiance-cid-randell-full-art?xid=pi3ae2527b-24e0-4bc9-bcc9-c5cc36010ab3&page=1;None
64273541562760007581257645010229575115;"Opus XIII: Crystal Radiance";"op13";"Vivi (Full Art Reprint)";3-017L;Legend;http://tcgplayer.com/product/238073/final-fantasy-tcg-opus-xiii-crystal-radiance-vivi-full-art-reprint?xid=pi3ae2527b-24e0-4bc9-bcc9-c5cc36010ab3&page=1;None
327734873041005012074618086934637712452;"Opus XIII: Crystal Radiance";"op13";"Sherlotta";13-058C;Common;http://tcgplayer.com/product/234645/final-fantasy-tcg-opus-xiii-crystal-radiance-sherlotta?xid=pi3ae2527b-24e0-4bc9-bcc9-c5cc36010ab3&page=1;None
215864390802696053383826120824909235042;"Opus XIII: Crystal Radiance";"op13";"Jake";13-076R;Rare;http://tcgplayer.com/product/234670/final-fantasy-tcg-opus-xiii-crystal-radiance-jake?xid=pi3ae2527b-24e0-4bc9-bcc9-c5cc36010ab3&page=1;None
19333609299371772568871088682840141014;"Opus XIII: Crystal Radiance";"op13";"Fusoya (Full Art Reprint)";9-094L;Legend;http://tcgplayer.com/product/238074/final-fantasy-tcg-opus-xiii-crystal-radiance-fusoya-full-art-reprint?xid=pi3ae2527b-24e0-4bc9-bcc9-c5cc36010ab3&page=1;None
24683530011937253936091423502018927142;"Opus XIII: Crystal Radiance";"op13";"Odin EX (Full Art)";13-072R;Rare;http://tcgplayer.com/product/234713/final-fantasy-tcg-opus-xiii-crystal-radiance-odin-ex-full-art?xid=pi3ae2527b-24e0-4bc9-bcc9-c5cc36010ab3&page=1;None
269321844774758611202356418082264229409;"Opus XIII: Crystal Radiance";"op13";"Ramza (Full Art)";13-121R;Rare;http://tcgplayer.com/product/232629/final-fantasy-tcg-opus-xiii-crystal-radiance-ramza-full-art?xid=pi3ae2527b-24e0-4bc9-bcc9-c5cc36010ab3&page=1;None
84652783022537677873599834510555608305;"Opus XIII: Crystal Radiance";"op13";"Shara (Full Art)";13-040L;Legend;http://tcgplayer.com/product/234708/final-fantasy-tcg-opus-xiii-crystal-radiance-shara-full-art?xid=pi3ae2527b-24e0-4bc9-bcc9-c5cc36010ab3&page=1;None
301269744383470620075161870313645052145;"Opus XIII: Crystal Radiance";"op13";"Llednar (Full Art)";13-108L;Legend;http://tcgplayer.com/product/234714/final-fantasy-tcg-opus-xiii-crystal-radiance-llednar-full-art?xid=pi3ae2527b-24e0-4bc9-bcc9-c5cc36010ab3&page=1;None
136565100338708145503842721593862826037;"Opus XIII: Crystal Radiance";"op13";"Onion Knight (Full Art)";13-106H;Hero;http://tcgplayer.com/product/234712/final-fantasy-tcg-opus-xiii-crystal-radiance-onion-knight-full-art?xid=pi3ae2527b-24e0-4bc9-bcc9-c5cc36010ab3&page=1;None
52244001151459427628778446243139205056;"Opus XIII: Crystal Radiance";"op13";"Luneth";13-015C;Common;http://tcgplayer.com/product/234593/final-fantasy-tcg-opus-xiii-crystal-radiance-luneth?xid=pi3ae2527b-24e0-4bc9-bcc9-c5cc36010ab3&page=1;None
7047740538590711374715599823446954919;"Opus XIII: Crystal Radiance";"op13";"Elle";13-088H;Hero;http://tcgplayer.com/product/234690/final-fantasy-tcg-opus-xiii-crystal-radiance-elle?xid=pi3ae2527b-24e0-4bc9-bcc9-c5cc36010ab3&page=1;None
144332568692204021797848698891011989168;"Opus XIII: Crystal Radiance";"op13";"Alexander EX (Full Art)";13-053R;Rare;http://tcgplayer.com/product/234724/final-fantasy-tcg-opus-xiii-crystal-radiance-alexander-ex-full-art?xid=pi3ae2527b-24e0-4bc9-bcc9-c5cc36010ab3&page=1;None
106366143519257055580620222523003548428;"Opus XIII: Crystal Radiance";"op13";"Chime (Full Art)";13-127H;Hero;http://tcgplayer.com/product/234721/final-fantasy-tcg-opus-xiii-crystal-radiance-chime-full-art?xid=pi3ae2527b-24e0-4bc9-bcc9-c5cc36010ab3&page=1;None
50758415963658312611240627183877569832;"Opus XIII: Crystal Radiance";"op13";"Leo (Full Art)";13-067L;Legend;http://tcgplayer.com/product/234717/final-fantasy-tcg-opus-xiii-crystal-radiance-leo-full-art?xid=pi3ae2527b-24e0-4bc9-bcc9-c5cc36010ab3&page=1;None
197383939179231507199590361892239716716;"Opus XIII: Crystal Radiance";"op13";"Fina (Full Art Reprint)";8-060L;Legend;http://tcgplayer.com/product/238060/final-fantasy-tcg-opus-xiii-crystal-radiance-fina-full-art-reprint?xid=pi3ae2527b-24e0-4bc9-bcc9-c5cc36010ab3&page=1;None
17187590163776791399476307032505098364;"Opus XIII: Crystal Radiance";"op13";"Levnato";13-033R;Rare;http://tcgplayer.com/product/234613/final-fantasy-tcg-opus-xiii-crystal-radiance-levnato?xid=pi3ae2527b-24e0-4bc9-bcc9-c5cc36010ab3&page=1;None
301318479557892291308954038632362525888;"Opus XIII: Crystal Radiance";"op13";"Dryad EX";13-045R;Rare;http://tcgplayer.com/product/234631/final-fantasy-tcg-opus-xiii-crystal-radiance-dryad-ex?xid=pi3ae2527b-24e0-4bc9-bcc9-c5cc36010ab3&page=1;None
237922860235932824875373885833618058413;"Opus XIII: Crystal Radiance";"op13";"Pavlov (Full Art)";13-046R;Rare;http://tcgplayer.com/product/234711/final-fantasy-tcg-opus-xiii-crystal-radiance-pavlov-full-art?xid=pi3ae2527b-24e0-4bc9-bcc9-c5cc36010ab3&page=1;None
37534007496795519632726486871142972567;"Opus XIII: Crystal Radiance";"op13";"Wol";13-117R;Rare;http://tcgplayer.com/product/234623/final-fantasy-tcg-opus-xiii-crystal-radiance-wol?xid=pi3ae2527b-24e0-4bc9-bcc9-c5cc36010ab3&page=1;None
