47492205212409861324235010349650391727;"Unite! Team Q4";"v-bt01";"Berserk Dragon";V-BT01/010EN;RRR;http://tcgplayer.com/product/168708/cardfight-vanguard-unite-team-q4-berserk-dragon?xid=pi1f54376d-e53d-4643-8360-316a8f2ece65&page=1;None
180739499803628537832307553726423470647;"Unite! Team Q4";"v-bt01";"Flame of Hope, Aermo";V-BT01/011EN;RRR;http://tcgplayer.com/product/168710/cardfight-vanguard-unite-team-q4-flame-of-hope-aermo?xid=pi1f54376d-e53d-4643-8360-316a8f2ece65&page=1;None
79942032718400004757097937042294081012;"Unite! Team Q4";"v-bt01";"Wyvern Guard, Barri";V-BT01/021EN;RR;http://tcgplayer.com/product/168723/cardfight-vanguard-unite-team-q4-wyvern-guard-barri?xid=pi1f54376d-e53d-4643-8360-316a8f2ece65&page=1;None
319779642435328578687503395477854101366;"Unite! Team Q4";"v-bt01";"Weather Forecaster, Miss Mist";V-BT01/018EN;RR;http://tcgplayer.com/product/168719/cardfight-vanguard-unite-team-q4-weather-forecaster-miss-mist?xid=pi1f54376d-e53d-4643-8360-316a8f2ece65&page=1;None
283019022182001935553545852952030705496;"Unite! Team Q4";"v-bt01";"Silent Tom";V-BT01/008EN;RRR;http://tcgplayer.com/product/168706/cardfight-vanguard-unite-team-q4-silent-tom?xid=pi1f54376d-e53d-4643-8360-316a8f2ece65&page=1;None
271013751551840251667612695963453351650;"Unite! Team Q4";"v-bt01";"Prowling Dragon, Striken";V-BT01/034EN;R;http://tcgplayer.com/product/168737/cardfight-vanguard-unite-team-q4-prowling-dragon-striken?xid=pi1f54376d-e53d-4643-8360-316a8f2ece65&page=1;None
175732910591537332465048232180300717071;"Unite! Team Q4";"v-bt01";"Raizer Custom";V-BT01/023EN;RR;http://tcgplayer.com/product/168725/cardfight-vanguard-unite-team-q4-raizer-custom?xid=pi1f54376d-e53d-4643-8360-316a8f2ece65&page=1;None
66438197361151574437134441062444926318;"Unite! Team Q4";"v-bt01";"Hate Reflector";V-BT01/041EN;R;http://tcgplayer.com/product/168747/cardfight-vanguard-unite-team-q4-hate-reflector?xid=pi1f54376d-e53d-4643-8360-316a8f2ece65&page=1;None
43162529584858303491387099939469600537;"Unite! Team Q4";"v-bt01";"Oracle Guardian, Nike";V-BT01/059EN;C;http://tcgplayer.com/product/168785/cardfight-vanguard-unite-team-q4-oracle-guardian-nike?xid=pi1f54376d-e53d-4643-8360-316a8f2ece65&page=1;None
115501600823102577237336756527895151647;"Unite! Team Q4";"v-bt01";"Oracle Guardian, Gemini";V-BT01/030EN;R;http://tcgplayer.com/product/168733/cardfight-vanguard-unite-team-q4-oracle-guardian-gemini?xid=pi1f54376d-e53d-4643-8360-316a8f2ece65&page=1;None
37427461232049363384530753479079920913;"Unite! Team Q4";"v-bt01";"Petal Fairy";V-BT01/054EN;C;http://tcgplayer.com/product/168774/cardfight-vanguard-unite-team-q4-petal-fairy?xid=pi1f54376d-e53d-4643-8360-316a8f2ece65&page=1;None
248234165472625836009549888749949330896;"Unite! Team Q4";"v-bt01";"Vortex Dragon";V-BT01/033EN;R;http://tcgplayer.com/product/168736/cardfight-vanguard-unite-team-q4-vortex-dragon?xid=pi1f54376d-e53d-4643-8360-316a8f2ece65&page=1;None
125225361658694449576743051584876183502;"Unite! Team Q4";"v-bt01";"Soul Saver Dragon";V-BT01/005EN;RRR;http://tcgplayer.com/product/168702/cardfight-vanguard-unite-team-q4-soul-saver-dragon?xid=pi1f54376d-e53d-4643-8360-316a8f2ece65&page=1;None
47250581104226148090784678031081822931;"Unite! Team Q4";"v-bt01";"Dragonic Gaias";V-BT01/020EN;RR;http://tcgplayer.com/product/168722/cardfight-vanguard-unite-team-q4-dragonic-gaias?xid=pi1f54376d-e53d-4643-8360-316a8f2ece65&page=1;None
209165167900160040112732949181243912164;"Unite! Team Q4";"v-bt01";"Red Lightning";V-BT01/080EN;C;http://tcgplayer.com/product/169052/cardfight-vanguard-unite-team-q4-red-lightning?xid=pi1f54376d-e53d-4643-8360-316a8f2ece65&page=1;None
64508866445745587164050433921577133464;"Unite! Team Q4";"v-bt01";"Promise Daughter";V-BT01/017EN;RR;http://tcgplayer.com/product/168718/cardfight-vanguard-unite-team-q4-promise-daughter?xid=pi1f54376d-e53d-4643-8360-316a8f2ece65&page=1;None
190571712287757126887547030816413603132;"Unite! Team Q4";"v-bt01";"Yellow Witch, MeMe";V-BT01/028EN;R;http://tcgplayer.com/product/168731/cardfight-vanguard-unite-team-q4-yellow-witch-meme?xid=pi1f54376d-e53d-4643-8360-316a8f2ece65&page=1;None
333583213050923789500911465436320674282;"Unite! Team Q4";"v-bt01";"Transraizer";V-BT01/073EN;C;http://tcgplayer.com/product/169045/cardfight-vanguard-unite-team-q4-transraizer?xid=pi1f54376d-e53d-4643-8360-316a8f2ece65&page=1;None
72606239601638572947530647302269308829;"Unite! Team Q4";"v-bt01";"Perfect Raizer";V-BT01/004EN;VR;http://tcgplayer.com/product/168699/cardfight-vanguard-unite-team-q4-perfect-raizer?xid=pi1f54376d-e53d-4643-8360-316a8f2ece65&page=1;None
202711539813000594788482377847363555787;"Unite! Team Q4";"v-bt01";"Perfect Raizer (SVR)";V-BT01/SV04EN;SVR;http://tcgplayer.com/product/168700/cardfight-vanguard-unite-team-q4-perfect-raizer-svr?xid=pi1f54376d-e53d-4643-8360-316a8f2ece65&page=1;None
329382254264335633928319461936727406017;"Unite! Team Q4";"v-bt01";"Boomerang Thrower";V-BT01/040EN;R;http://tcgplayer.com/product/168746/cardfight-vanguard-unite-team-q4-boomerang-thrower?xid=pi1f54376d-e53d-4643-8360-316a8f2ece65&page=1;None
279806530618941206930608445931870054461;"Unite! Team Q4";"v-bt01";"Death Army Guy";V-BT01/072EN;C;http://tcgplayer.com/product/169044/cardfight-vanguard-unite-team-q4-death-army-guy?xid=pi1f54376d-e53d-4643-8360-316a8f2ece65&page=1;None
177593706939022207126118238075433452645;"Unite! Team Q4";"v-bt01";"Funelgal";V-BT01/025EN;R;http://tcgplayer.com/product/168728/cardfight-vanguard-unite-team-q4-funelgal?xid=pi1f54376d-e53d-4643-8360-316a8f2ece65&page=1;None
38999100143894199051738282006731441636;"Unite! Team Q4";"v-bt01";"Giro";V-BT01/048EN;C;http://tcgplayer.com/product/168765/cardfight-vanguard-unite-team-q4-giro?xid=pi1f54376d-e53d-4643-8360-316a8f2ece65&page=1;None
200219578780500124028647786784270905605;"Unite! Team Q4";"v-bt01";"Miracle Kid";V-BT01/061EN;C;http://tcgplayer.com/product/168788/cardfight-vanguard-unite-team-q4-miracle-kid?xid=pi4eb14c4d-80ae-4e5a-87bd-2c0c6155edae&page=1;None
128418554383013336491648568411024822700;"Unite! Team Q4";"v-bt01";"Imperial Daughter";V-BT01/002EN;VR;http://tcgplayer.com/product/168694/cardfight-vanguard-unite-team-q4-imperial-daughter?xid=pi4eb14c4d-80ae-4e5a-87bd-2c0c6155edae&page=1;None
236951195972173874231627089518325213619;"Unite! Team Q4";"v-bt01";"Burstraizer";V-BT01/039EN;R;http://tcgplayer.com/product/168744/cardfight-vanguard-unite-team-q4-burstraizer?xid=pi4eb14c4d-80ae-4e5a-87bd-2c0c6155edae&page=1;None
24355293995912860933831123677294106778;"Unite! Team Q4";"v-bt01";"Jetraizer";V-BT01/075EN;C;http://tcgplayer.com/product/169047/cardfight-vanguard-unite-team-q4-jetraizer?xid=pi4eb14c4d-80ae-4e5a-87bd-2c0c6155edae&page=1;None
261923391470122365169550802284092264532;"Unite! Team Q4";"v-bt01";"Maximum Raizer";V-BT01/069EN;C;http://tcgplayer.com/product/169041/cardfight-vanguard-unite-team-q4-maximum-raizer?xid=pi4eb14c4d-80ae-4e5a-87bd-2c0c6155edae&page=1;None
242259668147647548047710944884780944091;"Unite! Team Q4";"v-bt01";"Ruote Magus";V-BT01/032EN;R;http://tcgplayer.com/product/168735/cardfight-vanguard-unite-team-q4-ruote-magus?xid=pi4eb14c4d-80ae-4e5a-87bd-2c0c6155edae&page=1;None
20193770901729671117605233385474605497;"Unite! Team Q4";"v-bt01";"Flash Shield, Iseult";V-BT01/015EN;RR;http://tcgplayer.com/product/168716/cardfight-vanguard-unite-team-q4-flash-shield-iseult?xid=pi4eb14c4d-80ae-4e5a-87bd-2c0c6155edae&page=1;None
336772890807933408616792715537138306461;"Unite! Team Q4";"v-bt01";"Dragonic Waterfall";V-BT01/003EN;VR;http://tcgplayer.com/product/168697/cardfight-vanguard-unite-team-q4-dragonic-waterfall?xid=pi4eb14c4d-80ae-4e5a-87bd-2c0c6155edae&page=1;None
248354917926131373651898120235599049050;"Unite! Team Q4";"v-bt01";"Psychic Bird";V-BT01/060EN;C;http://tcgplayer.com/product/168786/cardfight-vanguard-unite-team-q4-psychic-bird?xid=pi4eb14c4d-80ae-4e5a-87bd-2c0c6155edae&page=1;None
174719578827018642353773620899462686307;"Unite! Team Q4";"v-bt01";"Turboraizer";V-BT01/083EN;C;http://tcgplayer.com/product/169055/cardfight-vanguard-unite-team-q4-turboraizer?xid=pi4eb14c4d-80ae-4e5a-87bd-2c0c6155edae&page=1;None
169626499416574969267066122376412611151;"Unite! Team Q4";"v-bt01";"Hi-powered Raizer Custom";V-BT01/022EN;RR;http://tcgplayer.com/product/168724/cardfight-vanguard-unite-team-q4-hi-powered-raizer-custom?xid=pi4eb14c4d-80ae-4e5a-87bd-2c0c6155edae&page=1;None
285517227308408358389427816588362175709;"Unite! Team Q4";"v-bt01";"Rocket Hammer Man";V-BT01/074EN;C;http://tcgplayer.com/product/169046/cardfight-vanguard-unite-team-q4-rocket-hammer-man?xid=pi4eb14c4d-80ae-4e5a-87bd-2c0c6155edae&page=1;None
154007744371539690077640564675464379064;"Unite! Team Q4";"v-bt01";"Dominance Dragon";V-BT01/065EN;C;http://tcgplayer.com/product/168875/cardfight-vanguard-unite-team-q4-dominance-dragon?xid=pi4eb14c4d-80ae-4e5a-87bd-2c0c6155edae&page=1;None
63615916562791645846023300392529081797;"Unite! Team Q4";"v-bt01";"Spillover Dragon";V-BT01/063EN;C;http://tcgplayer.com/product/168871/cardfight-vanguard-unite-team-q4-spillover-dragon?xid=pi4eb14c4d-80ae-4e5a-87bd-2c0c6155edae&page=1;None
151255174542150617776738670830302136815;"Unite! Team Q4";"v-bt01";"Battledore Fighter";V-BT01/037EN;R;http://tcgplayer.com/product/168741/cardfight-vanguard-unite-team-q4-battledore-fighter?xid=pi4eb14c4d-80ae-4e5a-87bd-2c0c6155edae&page=1;None
195213245548938184954756704693571914556;"Unite! Team Q4";"v-bt01";"King of Knights, Alfred";V-BT01/001EN;VR;http://tcgplayer.com/product/168692/cardfight-vanguard-unite-team-q4-king-of-knights-alfred?xid=pi4eb14c4d-80ae-4e5a-87bd-2c0c6155edae&page=1;None
99764722656538335458903091628617384295;"Unite! Team Q4";"v-bt01";"Victorious Deer";V-BT01/016EN;RR;http://tcgplayer.com/product/168717/cardfight-vanguard-unite-team-q4-victorious-deer?xid=pi4eb14c4d-80ae-4e5a-87bd-2c0c6155edae&page=1;None
184730765857603358491760906464861997908;"Unite! Team Q4";"v-bt01";"Lizard Soldier, Raopia";V-BT01/036EN;R;http://tcgplayer.com/product/168739/cardfight-vanguard-unite-team-q4-lizard-soldier-raopia?xid=pi4eb14c4d-80ae-4e5a-87bd-2c0c6155edae&page=1;None
60127366713189080557808020767456712172;"Unite! Team Q4";"v-bt01";"Goddess of Insight, Sotoorihime";V-BT01/029EN;R;http://tcgplayer.com/product/168732/cardfight-vanguard-unite-team-q4-goddess-of-insight-sotoorihime?xid=pi4eb14c4d-80ae-4e5a-87bd-2c0c6155edae&page=1;None
332483131577861374620274240200831557942;"Unite! Team Q4";"v-bt01";"Cannon Ball";V-BT01/082EN;C;http://tcgplayer.com/product/169054/cardfight-vanguard-unite-team-q4-cannon-ball?xid=pi4eb14c4d-80ae-4e5a-87bd-2c0c6155edae&page=1;None
55279998786894820395542878501696711176;"Unite! Team Q4";"v-bt01";"Cup Bowler";V-BT01/071EN;C;http://tcgplayer.com/product/169043/cardfight-vanguard-unite-team-q4-cup-bowler?xid=pi4eb14c4d-80ae-4e5a-87bd-2c0c6155edae&page=1;None
212952645299025197458380199234188597222;"Unite! Team Q4";"v-bt01";"Three Minutes";V-BT01/081EN;C;http://tcgplayer.com/product/169053/cardfight-vanguard-unite-team-q4-three-minutes?xid=pi4eb14c4d-80ae-4e5a-87bd-2c0c6155edae&page=1;None
250562059094125053319954376350304537954;"Unite! Team Q4";"v-bt01";"Sphere Magus";V-BT01/062EN;C;http://tcgplayer.com/product/168790/cardfight-vanguard-unite-team-q4-sphere-magus?xid=pi4eb14c4d-80ae-4e5a-87bd-2c0c6155edae&page=1;None
144665104621457790082376840370913079205;"Unite! Team Q4";"v-bt01";"Goddess of Tide of Times, Mizunohame";V-BT01/053EN;C;http://tcgplayer.com/product/168772/cardfight-vanguard-unite-team-q4-goddess-of-tide-of-times-mizunohame?xid=pi4eb14c4d-80ae-4e5a-87bd-2c0c6155edae&page=1;None
160710500837705686999898811943534078447;"Unite! Team Q4";"v-bt01";"Cruel Dragon";V-BT01/019EN;RR;http://tcgplayer.com/product/168721/cardfight-vanguard-unite-team-q4-cruel-dragon?xid=pif45e01e2-2920-45f4-8ba1-1684d55e3bfe&page=1;None
160452854380772642115789393035423281979;"Unite! Team Q4";"v-bt01";"Dragonic Waterfall (SVR)";V-BT01/SV03EN;SVR;http://tcgplayer.com/product/168698/cardfight-vanguard-unite-team-q4-dragonic-waterfall-svr?xid=pif45e01e2-2920-45f4-8ba1-1684d55e3bfe&page=1;None
143014796445788972139668426511957011726;"Unite! Team Q4";"v-bt01";"CEO Amaterasu (OR)";V-BT01/OR02EN;OR;http://tcgplayer.com/product/168705/cardfight-vanguard-unite-team-q4-ceo-amaterasu-or?xid=pif45e01e2-2920-45f4-8ba1-1684d55e3bfe&page=1;None
160691898551322938669310631281450493306;"Unite! Team Q4";"v-bt01";"Twin Blader";V-BT01/024EN;RR;http://tcgplayer.com/product/168726/cardfight-vanguard-unite-team-q4-twin-blader?xid=pif45e01e2-2920-45f4-8ba1-1684d55e3bfe&page=1;None
284701848153180917407332053741448263982;"Unite! Team Q4";"v-bt01";"Farfalle Magus";V-BT01/031EN;R;http://tcgplayer.com/product/168734/cardfight-vanguard-unite-team-q4-farfalle-magus?xid=pif45e01e2-2920-45f4-8ba1-1684d55e3bfe&page=1;None
39504336345395762107013478179572240989;"Unite! Team Q4";"v-bt01";"Lion Mane Stallion";V-BT01/047EN;C;http://tcgplayer.com/product/168763/cardfight-vanguard-unite-team-q4-lion-mane-stallion?xid=pif45e01e2-2920-45f4-8ba1-1684d55e3bfe&page=1;None
12877514210133213129004381871607451144;"Unite! Team Q4";"v-bt01";"Gigantech Charger";V-BT01/042EN;C;http://tcgplayer.com/product/168755/cardfight-vanguard-unite-team-q4-gigantech-charger?xid=pif45e01e2-2920-45f4-8ba1-1684d55e3bfe&page=1;None
308314294843203993726377344800690552283;"Unite! Team Q4";"v-bt01";"Bellicosity Dragon";V-BT01/035EN;R;http://tcgplayer.com/product/168738/cardfight-vanguard-unite-team-q4-bellicosity-dragon?xid=pif45e01e2-2920-45f4-8ba1-1684d55e3bfe&page=1;None
284027327487404089168570758987228492120;"Unite! Team Q4";"v-bt01";"Asura Kaiser";V-BT01/012EN;RRR;http://tcgplayer.com/product/168711/cardfight-vanguard-unite-team-q4-asura-kaiser?xid=pif45e01e2-2920-45f4-8ba1-1684d55e3bfe&page=1;None
189007004312947008486497287675601129885;"Unite! Team Q4";"v-bt01";"Pongal";V-BT01/027EN;R;http://tcgplayer.com/product/168730/cardfight-vanguard-unite-team-q4-pongal?xid=pif45e01e2-2920-45f4-8ba1-1684d55e3bfe&page=1;None
135878543354597698505566326589963608416;"Unite! Team Q4";"v-bt01";"Circle Magus";V-BT01/009EN;RRR;http://tcgplayer.com/product/168707/cardfight-vanguard-unite-team-q4-circle-magus?xid=pif45e01e2-2920-45f4-8ba1-1684d55e3bfe&page=1;None
126769727101366263306603719511902846117;"Unite! Team Q4";"v-bt01";"Shining Lady";V-BT01/079EN;C;http://tcgplayer.com/product/169051/cardfight-vanguard-unite-team-q4-shining-lady?xid=pif45e01e2-2920-45f4-8ba1-1684d55e3bfe&page=1;None
232067899412613815161789315248971786648;"Unite! Team Q4";"v-bt01";"Knight of Rose, Morgana";V-BT01/026EN;R;http://tcgplayer.com/product/168729/cardfight-vanguard-unite-team-q4-knight-of-rose-morgana?xid=pif45e01e2-2920-45f4-8ba1-1684d55e3bfe&page=1;None
333242682440350565031492049893008668527;"Unite! Team Q4";"v-bt01";"Little Sage, Marron";V-BT01/014EN;RR;http://tcgplayer.com/product/168714/cardfight-vanguard-unite-team-q4-little-sage-marron?xid=pif45e01e2-2920-45f4-8ba1-1684d55e3bfe&page=1;None
177234118383149356963371407007760743323;"Unite! Team Q4";"v-bt01";"Battleraizer";V-BT01/077EN;C;http://tcgplayer.com/product/169049/cardfight-vanguard-unite-team-q4-battleraizer?xid=pif45e01e2-2920-45f4-8ba1-1684d55e3bfe&page=1;None
225916571314461788207953646686791889791;"Unite! Team Q4";"v-bt01";"Asura Kaiser (OR)";V-BT01/OR04EN;OR;http://tcgplayer.com/product/168712/cardfight-vanguard-unite-team-q4-asura-kaiser-or?xid=pif45e01e2-2920-45f4-8ba1-1684d55e3bfe&page=1;None
266522866659213703204090092343922632391;"Unite! Team Q4";"v-bt01";"Luck Bird";V-BT01/056EN;C;http://tcgplayer.com/product/168777/cardfight-vanguard-unite-team-q4-luck-bird?xid=pif45e01e2-2920-45f4-8ba1-1684d55e3bfe&page=1;None
74898014678735722294686404762141080048;"Unite! Team Q4";"v-bt01";"Radical Knight, Anil";V-BT01/045EN;C;http://tcgplayer.com/product/168761/cardfight-vanguard-unite-team-q4-radical-knight-anil?xid=pif45e01e2-2920-45f4-8ba1-1684d55e3bfe&page=1;None
199664633555626903712949483111655092440;"Unite! Team Q4";"v-bt01";"Blaster Blade (OR)";V-BT01/OR01EN;OR;http://tcgplayer.com/product/168750/cardfight-vanguard-unite-team-q4-blaster-blade-or?xid=pif45e01e2-2920-45f4-8ba1-1684d55e3bfe&page=1;None
44290805274263624338027182460406647367;"Unite! Team Q4";"v-bt01";"Shooting Hobby";V-BT01/055EN;C;http://tcgplayer.com/product/168775/cardfight-vanguard-unite-team-q4-shooting-hobby?xid=pif45e01e2-2920-45f4-8ba1-1684d55e3bfe&page=1;None
32388734736882820547270732354338941529;"Unite! Team Q4";"v-bt01";"Whiteness Rabbit";V-BT01/057EN;C;http://tcgplayer.com/product/168780/cardfight-vanguard-unite-team-q4-whiteness-rabbit?xid=pif45e01e2-2920-45f4-8ba1-1684d55e3bfe&page=1;None
135941536666230334481194009845938024168;"Unite! Team Q4";"v-bt01";"Flame of Destruction, Verbti";V-BT01/064EN;C;http://tcgplayer.com/product/168873/cardfight-vanguard-unite-team-q4-flame-of-destruction-verbti?xid=pif45e01e2-2920-45f4-8ba1-1684d55e3bfe&page=1;None
168889624394898955698647014671570531962;"Unite! Team Q4";"v-bt01";"Instigate Griffon";V-BT01/066EN;C;http://tcgplayer.com/product/168876/cardfight-vanguard-unite-team-q4-instigate-griffon?xid=pif45e01e2-2920-45f4-8ba1-1684d55e3bfe&page=1;None
158241793661382648699063290360692213952;"Unite! Team Q4";"v-bt01";"Cat Butler";V-BT01/078EN;C;http://tcgplayer.com/product/169050/cardfight-vanguard-unite-team-q4-cat-butler?xid=pif45e01e2-2920-45f4-8ba1-1684d55e3bfe&page=1;None
288246355585071488356629218257899814353;"Unite! Team Q4";"v-bt01";"Wall Boy";V-BT01/084EN;C;http://tcgplayer.com/product/169056/cardfight-vanguard-unite-team-q4-wall-boy?xid=pi747af647-3f9d-460f-a07c-eb47af52c1f1&page=1;None
472741933524460184362072633750577835;"Unite! Team Q4";"v-bt01";"Knight of Devotion, Bergius";V-BT01/043EN;C;http://tcgplayer.com/product/168756/cardfight-vanguard-unite-team-q4-knight-of-devotion-bergius?xid=pi747af647-3f9d-460f-a07c-eb47af52c1f1&page=1;None
161331909942981419325370307869670450323;"Unite! Team Q4";"v-bt01";"Imperial Daughter (SVR)";V-BT01/SV02EN;SVR;http://tcgplayer.com/product/168695/cardfight-vanguard-unite-team-q4-imperial-daughter-svr?xid=pi747af647-3f9d-460f-a07c-eb47af52c1f1&page=1;None
300946150929692875045728638702148271377;"Unite! Team Q4";"v-bt01";"Fright Lock";V-BT01/068EN;C;http://tcgplayer.com/product/168878/cardfight-vanguard-unite-team-q4-fright-lock?xid=pi747af647-3f9d-460f-a07c-eb47af52c1f1&page=1;None
136282602793524195298127327276539175071;"Unite! Team Q4";"v-bt01";"Herculean Knight, Allobrox";V-BT01/044EN;C;http://tcgplayer.com/product/168759/cardfight-vanguard-unite-team-q4-herculean-knight-allobrox?xid=pi747af647-3f9d-460f-a07c-eb47af52c1f1&page=1;None
224233885090532954498178266227976616379;"Unite! Team Q4";"v-bt01";"Iron Killer";V-BT01/070EN;C;http://tcgplayer.com/product/169042/cardfight-vanguard-unite-team-q4-iron-killer?xid=pi747af647-3f9d-460f-a07c-eb47af52c1f1&page=1;None
184517930260089001497182060448967467074;"Unite! Team Q4";"v-bt01";"Resolute Maiden, Chitose";V-BT01/050EN;C;http://tcgplayer.com/product/168769/cardfight-vanguard-unite-team-q4-resolute-maiden-chitose?xid=pi747af647-3f9d-460f-a07c-eb47af52c1f1&page=1;None
233233432132103402234390122612543966539;"Unite! Team Q4";"v-bt01";"Lozenge Magus";V-BT01/058EN;C;http://tcgplayer.com/product/168783/cardfight-vanguard-unite-team-q4-lozenge-magus?xid=pi747af647-3f9d-460f-a07c-eb47af52c1f1&page=1;None
211527414831656838016711791579439602163;"Unite! Team Q4";"v-bt01";"King of Knights, Alfred (SVR)";V-BT01/SV01EN;SVR;http://tcgplayer.com/product/168693/cardfight-vanguard-unite-team-q4-king-of-knights-alfred-svr?xid=pi747af647-3f9d-460f-a07c-eb47af52c1f1&page=1;None
101266494923800427830663225275692105296;"Unite! Team Q4";"v-bt01";"Blaster Blade";V-BT01/I01EN;IMR;http://tcgplayer.com/product/168748/cardfight-vanguard-unite-team-q4-blaster-blade?xid=pi747af647-3f9d-460f-a07c-eb47af52c1f1&page=1;None
245251229941694471359188426517074449705;"Unite! Team Q4";"v-bt01";"Conjurer of Mithril";V-BT01/013EN;RR;http://tcgplayer.com/product/168713/cardfight-vanguard-unite-team-q4-conjurer-of-mithril?xid=pi747af647-3f9d-460f-a07c-eb47af52c1f1&page=1;None
264870593373518871120643615540405050089;"Unite! Team Q4";"v-bt01";"Great Bombing of Hellfire, Gabija";V-BT01/067EN;C;http://tcgplayer.com/product/168877/cardfight-vanguard-unite-team-q4-great-bombing-of-hellfire-gabija?xid=pi747af647-3f9d-460f-a07c-eb47af52c1f1&page=1;None
257816135735074255721282905785548544546;"Unite! Team Q4";"v-bt01";"Weather Girl, Saft";V-BT01/051EN;C;http://tcgplayer.com/product/168770/cardfight-vanguard-unite-team-q4-weather-girl-saft?xid=pi747af647-3f9d-460f-a07c-eb47af52c1f1&page=1;None
82279111800018431128546282087669328628;"Unite! Team Q4";"v-bt01";"High Dog Breeder, Akane";V-BT01/006EN;RRR;http://tcgplayer.com/product/168703/cardfight-vanguard-unite-team-q4-high-dog-breeder-akane?xid=pi747af647-3f9d-460f-a07c-eb47af52c1f1&page=1;None
261962350537298190604523655887163944494;"Unite! Team Q4";"v-bt01";"CEO Amaterasu";V-BT01/007EN;RRR;http://tcgplayer.com/product/168704/cardfight-vanguard-unite-team-q4-ceo-amaterasu?xid=pi747af647-3f9d-460f-a07c-eb47af52c1f1&page=1;None
249050527718242055756415558324867681916;"Unite! Team Q4";"v-bt01";"Dragonic Overlord (OR)";V-BT01/OR03EN;OR;http://tcgplayer.com/product/168752/cardfight-vanguard-unite-team-q4-dragonic-overlord-or?xid=pi747af647-3f9d-460f-a07c-eb47af52c1f1&page=1;None
124258168021458721884825778311092922899;"Unite! Team Q4";"v-bt01";"Solid Turtle";V-BT01/052EN;C;http://tcgplayer.com/product/168771/cardfight-vanguard-unite-team-q4-solid-turtle?xid=pi747af647-3f9d-460f-a07c-eb47af52c1f1&page=1;None
234583713172078057929539997293354320117;"Unite! Team Q4";"v-bt01";"Tap the Hyper";V-BT01/076EN;C;http://tcgplayer.com/product/169048/cardfight-vanguard-unite-team-q4-tap-the-hyper?xid=pi747af647-3f9d-460f-a07c-eb47af52c1f1&page=1;None
296742444270843830316269266311145395278;"Unite! Team Q4";"v-bt01";"Battle Maiden, Sarasa";V-BT01/049EN;C;http://tcgplayer.com/product/168767/cardfight-vanguard-unite-team-q4-battle-maiden-sarasa?xid=pi747af647-3f9d-460f-a07c-eb47af52c1f1&page=1;None
187654317447716332327769404726365275772;"Unite! Team Q4";"v-bt01";"Miss Splendor";V-BT01/038EN;R;http://tcgplayer.com/product/168742/cardfight-vanguard-unite-team-q4-miss-splendor?xid=pi747af647-3f9d-460f-a07c-eb47af52c1f1&page=1;None
53330051154127228839255318157305725775;"Unite! Team Q4";"v-bt01";"Miru Biru";V-BT01/046EN;C;http://tcgplayer.com/product/168762/cardfight-vanguard-unite-team-q4-miru-biru?xid=pi747af647-3f9d-460f-a07c-eb47af52c1f1&page=1;None
